-- --------------------------------------------------------
-- Host:                         ls-010b2489d768ef39b1308016e90071249bfcc056.cmd0mtk5rb8y.ap-northeast-1.rds.amazonaws.com
-- Server version:               8.0.36 - Source distribution
-- Server OS:                    Linux
-- HeidiSQL Version:             12.2.0.6587
-- --------------------------------------------------------

/*!40101 SET @OLD_CHARACTER_SET_CLIENT=@@CHARACTER_SET_CLIENT */;
/*!40101 SET NAMES utf8 */;
/*!50503 SET NAMES utf8mb4 */;
/*!40103 SET @OLD_TIME_ZONE=@@TIME_ZONE */;
/*!40103 SET TIME_ZONE='+00:00' */;
/*!40014 SET @OLD_FOREIGN_KEY_CHECKS=@@FOREIGN_KEY_CHECKS, FOREIGN_KEY_CHECKS=0 */;
/*!40101 SET @OLD_SQL_MODE=@@SQL_MODE, SQL_MODE='NO_AUTO_VALUE_ON_ZERO' */;
/*!40111 SET @OLD_SQL_NOTES=@@SQL_NOTES, SQL_NOTES=0 */;


-- Dumping database structure for ddk_db
CREATE DATABASE IF NOT EXISTS `ddk_db` /*!40100 DEFAULT CHARACTER SET utf8mb3 */ /*!80016 DEFAULT ENCRYPTION='N' */;
USE `ddk_db`;

-- Dumping structure for table ddk_db.fix_broker_id
CREATE TABLE IF NOT EXISTS `fix_broker_id` (
  `brokerID` varchar(50) DEFAULT NULL
) ENGINE=InnoDB DEFAULT CHARSET=utf8mb3;

-- Dumping data for table ddk_db.fix_broker_id: ~1 rows (approximately)
DELETE FROM `fix_broker_id`;
INSERT INTO `fix_broker_id` (`brokerID`) VALUES
	('AA0f0096d3');

-- Dumping structure for table ddk_db.fix_coins
CREATE TABLE IF NOT EXISTS `fix_coins` (
  `coin_id` int NOT NULL AUTO_INCREMENT,
  `coin_name` varchar(50) NOT NULL,
  `market` varchar(50) NOT NULL,
  `digit` int NOT NULL DEFAULT '0',
  `min_volume` float NOT NULL DEFAULT '0',
  `status` tinyint NOT NULL DEFAULT '0',
  PRIMARY KEY (`coin_id`) USING BTREE
) ENGINE=InnoDB AUTO_INCREMENT=101 DEFAULT CHARSET=utf8mb3 COMMENT='코인 테이블';

-- Dumping data for table ddk_db.fix_coins: ~100 rows (approximately)
DELETE FROM `fix_coins`;
INSERT INTO `fix_coins` (`coin_id`, `coin_name`, `market`, `digit`, `min_volume`, `status`) VALUES
	(1, 'BTCUSDT', 'htx', 1, 0.001, 1),
	(2, 'ETHUSDT', 'htx', 2, 0.01, 1),
	(3, 'LTCUSDT', 'htx', 2, 0.1, 1),
	(4, 'DOGEUSDT', 'htx', 6, 100, 1),
	(5, 'ICPUSDT', 'htx', 3, 0.1, 1),
	(6, 'XRPUSDT', 'htx', 5, 10, 1),
	(7, 'LINKUSDT', 'htx', 4, 0.1, 1),
	(8, 'FTTUSDT', 'htx', 3, 1, 1),
	(9, 'DOTUSDT', 'htx', 4, 1, 0),
	(10, 'ADAUSDT', 'htx', 6, 10, 1),
	(11, 'EOSUSDT', 'htx', 4, 1, 1),
	(12, 'BCHUSDT', 'htx', 2, 0.01, 1),
	(13, 'BSVUSDT', 'htx', 2, 0.01, 1),
	(14, 'YFIUSDT', 'htx', 1, 0.0001, 1),
	(15, 'UNIUSDT', 'htx', 4, 1, 1),
	(16, 'FILUSDT', 'htx', 3, 0.1, 1),
	(17, 'SNXUSDT', 'htx', 4, 1, 1),
	(18, 'BNBUSDT', 'htx', 3, 0.1, 1),
	(19, 'ETCUSDT', 'htx', 4, 1, 1),
	(20, 'THETAUSDT', 'htx', 5, 10, 1),
	(21, 'KSMUSDT', 'htx', 3, 0.1, 1),
	(22, 'ATOMUSDT', 'htx', 4, 1, 1),
	(23, 'AAVEUSDT', 'htx', 3, 0.1, 1),
	(24, 'XLMUSDT', 'htx', 4, 10, 1),
	(25, 'SUSHIUSDT', 'htx', 4, 1, 1),
	(26, 'GRTUSDT', 'htx', 5, 10, 1),
	(27, '1INCHUSDT', 'htx', 4, 1, 1),
	(28, 'CRVUSDT', 'htx', 4, 1, 1),
	(29, 'ALGOUSDT', 'htx', 5, 10, 1),
	(30, 'WAVESUSDT', 'htx', 4, 1, 1),
	(31, 'COMPUSDT', 'htx', 2, 0.01, 1),
	(32, 'XMRUSDT', 'htx', 2, 0.01, 1),
	(33, 'KAVAUSDT', 'htx', 4, 1, 1),
	(34, 'AVAXUSDT', 'htx', 4, 1, 1),
	(35, 'MATICUSDT', 'htx', 5, 100, 0),
	(36, 'ARBUSDT', 'htx', 4, 1, 1),
	(37, 'WIFUSDT', 'htx', 4, 1, 1),
	(38, 'MKRUSDT', 'htx', 1, 0.001, 1),
	(39, 'SANDUSDT', 'htx', 6, 10, 1),
	(40, 'MASKUSDT', 'htx', 3, 0.1, 1),
	(41, 'NEARUSDT', 'htx', 3, 1, 1),
	(42, 'MANAUSDT', 'htx', 4, 10, 1),
	(43, 'WOOUSDT', 'htx', 5, 10, 1),
	(44, 'CHZUSDT', 'htx', 5, 10, 1),
	(45, 'WLDUSDT', 'htx', 4, 1, 1),
	(46, 'AXSUSDT', 'htx', 4, 0.1, 1),
	(47, 'LRCUSDT', 'htx', 5, 10, 1),
	(48, 'YGGUSDT', 'htx', 4, 1, 1),
	(49, 'COTIUSDT', 'htx', 5, 10, 0),
	(50, 'DYDXUSDT', 'htx', 3, 0.1, 1),
	(51, 'BTCUSDT', 'bin', 2, 0.002, 1),
	(52, 'ETHUSDT', 'bin', 2, 0.007, 1),
	(53, 'SOLUSDT', 'bin', 3, 1, 1),
	(54, 'DOGEUSDT', 'bin', 5, 38, 1),
	(55, 'XRPUSDT', 'bin', 4, 9.7, 1),
	(56, 'BNBUSDT', 'bin', 2, 0.01, 1),
	(57, 'WLDUSDT', 'bin', 2, 2, 1),
	(58, 'ARBUSDT', 'bin', 4, 4.9, 1),
	(59, 'ORDIUSDT', 'bin', 3, 0.2, 1),
	(60, 'RUNEUSDT', 'bin', 3, 2, 1),
	(61, 'LPTUSDT', 'bin', 3, 0.4, 1),
	(62, 'NEARUSDT', 'bin', 3, 1, 1),
	(63, 'ADAUSDT', 'bin', 4, 12, 0),
	(64, 'SEIUSDT', 'bin', 4, 10, 0),
	(65, 'AVAXUSDT', 'bin', 3, 1, 0),
	(66, 'MATICUSDT', 'bin', 4, 7, 0),
	(67, 'RNDRUSDT', 'bin', 4, 0.7, 0),
	(68, 'DOTUSDT', 'bin', 3, 0.7, 0),
	(69, 'BCHUSDT', 'bin', 1, 0.046, 0),
	(70, 'ETCUSDT', 'bin', 3, 0.078, 0),
	(71, 'LTCUSDT', 'bin', 2, 0.0251, 0),
	(72, 'FTMUSDT', 'bin', 4, 8, 0),
	(73, 'LINKUSDT', 'bin', 3, 1.48, 0),
	(74, 'OPUSDT', 'bin', 4, 1.8, 0),
	(75, 'EOSUSDT', 'bin', 4, 6.2, 0),
	(76, 'AGIXUSDT', 'bin', 4, 7, 0),
	(77, 'STORJUSDT', 'bin', 4, 10, 0),
	(78, 'UNIUSDT', 'bin', 3, 1, 0),
	(79, 'AIUSDT', 'bin', 5, 6, 0),
	(80, 'APTUSDT', 'bin', 3, 0.6, 0),
	(81, 'SUIUSDT', 'bin', 4, 4.6, 0),
	(82, 'INJUSDT', 'bin', 3, 0.3, 0),
	(83, 'MANTAUSDT', 'bin', 4, 3, 0),
	(84, 'TIAUSDT', 'bin', 4, 1, 0),
	(85, 'STRKUSDT', 'bin', 4, 3.9, 0),
	(86, 'ATOMUSDT', 'bin', 3, 0.58, 0),
	(87, 'THETAUSDT', 'bin', 4, 2.5, 0),
	(88, 'CYBERUSDT', 'bin', 3, 0.6, 0),
	(89, 'DYDXUSDT', 'bin', 3, 2.4, 0),
	(90, 'GMTUSDT', 'bin', 4, 23, 0),
	(91, 'STXUSDT', 'bin', 4, 3, 0),
	(92, 'SANDUSDT', 'bin', 4, 12, 0),
	(93, 'CRVUSDT', 'bin', 3, 11.9, 0),
	(94, 'ICPUSDT', 'bin', 3, 1, 0),
	(95, 'IDUSDT', 'bin', 5, 8, 0),
	(96, 'XAIUSDT', 'bin', 4, 8, 0),
	(97, 'JTOUSDT', 'bin', 4, 2, 0),
	(98, 'AAVEUSDT', 'bin', 2, 0.1, 0),
	(99, 'APEUSDT', 'bin', 4, 5, 0),
	(100, 'ENSUSDT', 'bin', 3, 0.4, 0);

-- Dumping structure for table ddk_db.fix_email
CREATE TABLE IF NOT EXISTS `fix_email` (
  `eid` int NOT NULL AUTO_INCREMENT,
  `name` varchar(150) DEFAULT NULL,
  `file_name` varchar(250) DEFAULT NULL,
  `path` varchar(250) DEFAULT NULL,
  `upload_date` varchar(150) DEFAULT NULL,
  PRIMARY KEY (`eid`)
) ENGINE=InnoDB AUTO_INCREMENT=9 DEFAULT CHARSET=utf8mb3;

-- Dumping data for table ddk_db.fix_email: ~8 rows (approximately)
DELETE FROM `fix_email`;
INSERT INTO `fix_email` (`eid`, `name`, `file_name`, `path`, `upload_date`) VALUES
	(1, 'auth', 'n_auth.html', 'ddukddak.local.com/html/n_auth.html', '2024-03-29 19:39:44'),
	(2, 'signup', 'n_congrat.html', 'ddukddak.local.com/html/n_congrat.html', '2024-03-29 19:42:28'),
	(3, 'password', 'n_password.html', 'ddukddak.local.com/html/n_password.html', '2024-03-29 18:54:02'),
	(4, 'coupon', 'n_coupon.html', 'ddukddak.local.com/html/n_coupon.html', '2024-03-29 18:54:17'),
	(5, 'due', 'n_expire.html', 'ddukddak.local.com/html/n_expire.html', '2024-03-29 18:54:26'),
	(6, 'used', 'n_spent.html', 'ddukddak.local.com/html/n_spent.html', '2024-03-29 18:54:43'),
	(7, 'welcome', 'n_welcome.html', 'ddukddak.local.com/html/n_welcome.html', '2024-03-29 21:16:36'),
	(8, 'closing', 'n_abill.html', 'ddukddak.local.com/html/n_abill.html', '2024-03-29 21:16:46');

-- Dumping structure for table ddk_db.fix_leverage
CREATE TABLE IF NOT EXISTS `fix_leverage` (
  `fid` int NOT NULL,
  `value` int NOT NULL,
  UNIQUE KEY `fid` (`fid`)
) ENGINE=InnoDB DEFAULT CHARSET=utf8mb3 COMMENT='레버리지 테이블';

-- Dumping data for table ddk_db.fix_leverage: ~30 rows (approximately)
DELETE FROM `fix_leverage`;
INSERT INTO `fix_leverage` (`fid`, `value`) VALUES
	(1, 1),
	(2, 2),
	(3, 3),
	(4, 4),
	(5, 5),
	(6, 6),
	(7, 7),
	(8, 8),
	(9, 9),
	(10, 10),
	(11, 11),
	(12, 12),
	(13, 13),
	(14, 14),
	(15, 15),
	(16, 16),
	(17, 17),
	(18, 18),
	(19, 19),
	(20, 20),
	(21, 21),
	(22, 22),
	(23, 23),
	(24, 24),
	(25, 25),
	(26, 26),
	(27, 27),
	(28, 28),
	(29, 29),
	(30, 30);

-- Dumping structure for table ddk_db.fix_liquidation_range
CREATE TABLE IF NOT EXISTS `fix_liquidation_range` (
  `fid` int NOT NULL,
  `value` float DEFAULT NULL,
  `unit` varchar(2) DEFAULT NULL,
  UNIQUE KEY `fid` (`fid`)
) ENGINE=InnoDB DEFAULT CHARSET=utf8mb3 COMMENT='거래당 청산 범위 테이블';

-- Dumping data for table ddk_db.fix_liquidation_range: ~34 rows (approximately)
DELETE FROM `fix_liquidation_range`;
INSERT INTO `fix_liquidation_range` (`fid`, `value`, `unit`) VALUES
	(1, 0.5, '%'),
	(2, 0.55, '%'),
	(3, 0.6, '%'),
	(4, 0.65, '%'),
	(5, 0.7, '%'),
	(6, 0.75, '%'),
	(7, 0.8, '%'),
	(8, 0.85, '%'),
	(9, 0.9, '%'),
	(10, 0.95, '%'),
	(11, 1, '%'),
	(12, 1.05, '%'),
	(13, 1.1, '%'),
	(14, 1.15, '%'),
	(15, 1.2, '%'),
	(16, 1.25, '%'),
	(17, 1.3, '%'),
	(18, 1.35, '%'),
	(19, 1.4, '%'),
	(20, 1.45, '%'),
	(21, 1.5, '%'),
	(22, 1.55, '%'),
	(23, 1.6, '%'),
	(24, 1.65, '%'),
	(25, 1.7, '%'),
	(26, 1.75, '%'),
	(27, 1.8, '%'),
	(28, 1.85, '%'),
	(29, 1.9, '%'),
	(30, 1.95, '%'),
	(31, 2, '%'),
	(32, 2.1, '%'),
	(33, 2.2, '%'),
	(34, 2.3, '%');

-- Dumping structure for table ddk_db.fix_params
CREATE TABLE IF NOT EXISTS `fix_params` (
  `pid` int NOT NULL AUTO_INCREMENT,
  `pname` varchar(150) NOT NULL COMMENT '파라미터 이름',
  `pvalue` varchar(50) DEFAULT NULL COMMENT '파라미터 값',
  `punit` varchar(50) DEFAULT NULL COMMENT '단위',
  `pmin` varchar(50) DEFAULT NULL COMMENT '최소',
  `pmax` varchar(50) DEFAULT NULL COMMENT '최대',
  `ptype` varchar(50) DEFAULT NULL COMMENT '형태',
  `description` text COMMENT '설명',
  `enabled` tinyint DEFAULT '1',
  PRIMARY KEY (`pid`)
) ENGINE=InnoDB AUTO_INCREMENT=41 DEFAULT CHARSET=utf8mb3 COMMENT='watcher 파라미터 테이블';

-- Dumping data for table ddk_db.fix_params: ~40 rows (approximately)
DELETE FROM `fix_params`;
INSERT INTO `fix_params` (`pid`, `pname`, `pvalue`, `punit`, `pmin`, `pmax`, `ptype`, `description`, `enabled`) VALUES
	(1, 'w1', '30', 'min', '', '', 'w', '최소참고중위가격(분)', 1),
	(2, 'w2', '60', 'min', '', '', 'w', '최대참고중위가격(분)', 1),
	(3, 'w3', '12', 'sec', '', '', 'w', '급등,급락판단을위한계산주기(초)', 1),
	(4, 'w4', '8', 'hour', '', '', 'w', '급등,급락기준(시간)', 1),
	(5, 'w5', '6', '%', '', '', 'w', '등락율(%)', 1),
	(6, 'w6', '4', 'hour', '', '', 'w', 'break시간(시간)', 1),
	(7, 'w7', '4', '', '', '', 'w', 'break주문 선택', 1),
	(8, 'w8', '25', 'min', '', '', 'w', '급등,급락기준(분)', 1),
	(9, 'w9', '4', '%', '', '', 'w', '등락율(%)', 1),
	(10, 'w10', '120', 'min', '', '', 'w', 'break시간(분)', 1),
	(11, 'w11', '3', '', '', '', 'w', 'break주문 선택', 1),
	(12, 'm1', '0.5', '', '0.5', '5', 'm', '선매매(live1) 주문강도 세팅(0.5~5)', 1),
	(13, 'm2', '0.5', '', '0.5', '5', 'm', '2차매매(live2) 주문강도 세팅(0.5~5)', 1),
	(14, 'm3', '0.5', '', '0.5', '5', 'm', '3차매매(live3) 주문강도 세팅(0.5~5)', 1),
	(15, 'm4', '0.5', '', '0.5', '5', 'm', '4차매매(live4) 주문강도 세팅(0.5~5)', 1),
	(16, 'm5', '7', 'min', '', '', 'm', '선 주문 취소 시간(분)', 1),
	(17, 'm6', '200', 'sec', '', '', 'm', '선매수, 선매도 체결 후 저장 시간(초)', 0),
	(18, 'm7', '300', 'sec', '', '', 'm', '선매수, 선매도(Live_s1, b1)에 대한 매도, 매수 주문이 모두 체결된 후 재주문 시간(초)', 1),
	(19, 'm8', '100', 'sec', '', '', 'm', '상위 Live_s1, b1의 매도, 매수가 완료된 후(초)', 1),
	(20, 'm9', '60', 'sec', '', '', 'm', '조건 만족 후 추가 매도, 매수 주문 시간 delay(초)', 1),
	(21, 'm10', '200', 'sec', '', '', 'm', '재매도, 재매수 주문 시기(초)', 1),
	(22, 'm11', '15', '%', '', '', 'm', '앱사용료(%)', 1),
	(23, 'm12', '0.6', '', '0.5', '1', 'm', 'b1, s1수량(0.5~1)', 1),
	(24, 'm13', '0.5', '', '0.5', '1', 'm', 'b2, s2수량(0.5~1)', 1),
	(25, 'm14', '0.5', '', '0.5', '1', 'm', 'b3, s3수량(0.5~1)', 1),
	(26, 'm15', '0.5', '', '0.5', '1', 'm', 'b4, s4수량(0.5~1)', 1),
	(27, 'm16', '-1', '', '-3', '3', 'm', 's1, b1 재주문 범위(-3~3)', 1),
	(28, 'm17', '200', 'min', '', '', 'm', '거래 Reset 대기 시간(분)', 0),
	(29, 'm18', '1', '', '', '', 'm', 'Reset 범위 조정(0~1)', 0),
	(30, 'm19', '20', 'hour', '', '', 'm', '거래 Restart 대기 시간(시간)', 1),
	(31, 'm20', '-2', '', '', '', 'm', 'b1, s1 레버리지', 0),
	(32, 'm21', '-1', '', '', '', 'm', 'b2, s2 레버리지', 0),
	(33, 'm22', '0', '', '', '', 'm', 'b3, s3 레버리지', 0),
	(34, 'm23', '1', '', '', '', 'm', 'b4, s4 레버리지', 0),
	(35, 'e1', '2', '%', '', '', 'e', '공제율', 1),
	(36, 'e2', '1', 'day', '', '', 'e', '에이전트 독립가능 기간(일)', 1),
	(37, 'e3', '20', '%', '', '', 'e', 'Lv6 에이전트 기본 할인율(%)', 1),
	(38, 'e4', '25', '%', '', '', 'e', 'Lv7 에이전트 기본 할인율(%)', 1),
	(39, 'e5', '50', '$', '', '', 'e', '신규유저 증정금액', 1),
	(40, 'h1', '20', '%', NULL, NULL, 'h', '홀딩설정 비율(%)', 1);

-- Dumping structure for table ddk_db.fix_payment_address
CREATE TABLE IF NOT EXISTS `fix_payment_address` (
  `pay_id` int NOT NULL AUTO_INCREMENT,
  `address_name` varchar(150) DEFAULT NULL COMMENT '주소 이름',
  `address_link` varchar(250) DEFAULT NULL COMMENT '주소 링크',
  PRIMARY KEY (`pay_id`)
) ENGINE=InnoDB AUTO_INCREMENT=2 DEFAULT CHARSET=utf8mb3 COMMENT='입금 주소 테이블';

-- Dumping data for table ddk_db.fix_payment_address: ~1 rows (approximately)
DELETE FROM `fix_payment_address`;
INSERT INTO `fix_payment_address` (`pay_id`, `address_name`, `address_link`) VALUES
	(1, NULL, 'TKEqHXp6iSzp7NMqxsytPZ2yC67AJkdgeH');

-- Dumping structure for table ddk_db.fix_profit_range
CREATE TABLE IF NOT EXISTS `fix_profit_range` (
  `fid` int NOT NULL,
  `value` float NOT NULL DEFAULT '0',
  `unit` varchar(2) CHARACTER SET utf8mb3 COLLATE utf8mb3_general_ci NOT NULL DEFAULT '%',
  UNIQUE KEY `fid` (`fid`)
) ENGINE=InnoDB DEFAULT CHARSET=utf8mb3 COMMENT='거래당 수익범위 테이블';

-- Dumping data for table ddk_db.fix_profit_range: ~19 rows (approximately)
DELETE FROM `fix_profit_range`;
INSERT INTO `fix_profit_range` (`fid`, `value`, `unit`) VALUES
	(1, 2, '%'),
	(2, 3, '%'),
	(3, 4, '%'),
	(4, 5, '%'),
	(5, 6, '%'),
	(6, 7, '%'),
	(7, 8, '%'),
	(8, 9, '%'),
	(9, 10, '%'),
	(10, 11, '%'),
	(11, 12, '%'),
	(12, 13, '%'),
	(13, 14, '%'),
	(14, 15, '%'),
	(15, 16, '%'),
	(16, 17, '%'),
	(17, 18, '%'),
	(18, 19, '%'),
	(19, 20, '%');

-- Dumping structure for table ddk_db.fix_trade_money
CREATE TABLE IF NOT EXISTS `fix_trade_money` (
  `fid` int NOT NULL,
  `value` int DEFAULT '0' COMMENT '거래금액',
  `level` int DEFAULT '0' COMMENT '유저 레벨',
  UNIQUE KEY `fid` (`fid`)
) ENGINE=InnoDB DEFAULT CHARSET=utf8mb3 COMMENT='최대 거래 금액';

-- Dumping data for table ddk_db.fix_trade_money: ~259 rows (approximately)
DELETE FROM `fix_trade_money`;
INSERT INTO `fix_trade_money` (`fid`, `value`, `level`) VALUES
	(1, 100, 1),
	(2, 120, 1),
	(3, 140, 1),
	(4, 160, 1),
	(5, 180, 1),
	(6, 200, 1),
	(7, 220, 2),
	(8, 240, 2),
	(9, 260, 2),
	(10, 280, 2),
	(11, 300, 2),
	(12, 320, 2),
	(13, 340, 2),
	(14, 360, 2),
	(15, 380, 2),
	(16, 400, 2),
	(17, 440, 3),
	(18, 480, 3),
	(19, 520, 3),
	(20, 560, 3),
	(21, 600, 3),
	(22, 650, 4),
	(23, 700, 4),
	(24, 750, 4),
	(25, 800, 4),
	(26, 850, 4),
	(27, 900, 4),
	(28, 950, 4),
	(29, 1000, 4),
	(30, 1050, 5),
	(31, 1100, 5),
	(32, 1150, 5),
	(33, 1200, 5),
	(34, 1250, 5),
	(35, 1300, 5),
	(36, 1350, 5),
	(37, 1400, 5),
	(38, 1450, 5),
	(39, 1500, 5),
	(40, 1550, 5),
	(41, 1600, 5),
	(42, 1650, 5),
	(43, 1700, 5),
	(44, 1750, 5),
	(45, 1800, 5),
	(46, 1850, 5),
	(47, 1900, 5),
	(48, 1950, 5),
	(49, 2000, 5),
	(50, 2050, 6),
	(51, 2100, 6),
	(52, 2150, 6),
	(53, 2200, 6),
	(54, 2250, 6),
	(55, 2300, 6),
	(56, 2350, 6),
	(57, 2400, 6),
	(58, 2450, 6),
	(59, 2500, 6),
	(60, 2550, 6),
	(61, 2600, 6),
	(62, 2650, 6),
	(63, 2700, 6),
	(64, 2750, 6),
	(65, 2800, 6),
	(66, 2850, 6),
	(67, 2900, 6),
	(68, 2950, 6),
	(69, 3000, 6),
	(70, 3050, 6),
	(71, 3100, 6),
	(72, 3150, 6),
	(73, 3200, 6),
	(74, 3250, 6),
	(75, 3300, 6),
	(76, 3350, 6),
	(77, 3400, 6),
	(78, 3450, 6),
	(79, 3500, 6),
	(80, 3550, 6),
	(81, 3600, 6),
	(82, 3650, 6),
	(83, 3700, 6),
	(84, 3750, 6),
	(85, 3800, 6),
	(86, 3850, 6),
	(87, 3900, 6),
	(88, 3950, 6),
	(89, 4000, 6),
	(90, 4050, 6),
	(91, 4100, 6),
	(92, 4150, 6),
	(93, 4200, 6),
	(94, 4250, 6),
	(95, 4300, 6),
	(96, 4350, 6),
	(97, 4400, 6),
	(98, 4450, 6),
	(99, 4500, 6),
	(100, 4550, 6),
	(101, 4600, 6),
	(102, 4650, 6),
	(103, 4700, 6),
	(104, 4750, 6),
	(105, 4800, 6),
	(106, 4850, 6),
	(107, 4900, 6),
	(108, 4950, 6),
	(109, 5000, 6),
	(110, 5100, 7),
	(111, 5200, 7),
	(112, 5300, 7),
	(113, 5400, 7),
	(114, 5500, 7),
	(115, 5600, 7),
	(116, 5700, 7),
	(117, 5800, 7),
	(118, 5900, 7),
	(119, 6000, 7),
	(120, 6100, 7),
	(121, 6200, 7),
	(122, 6300, 7),
	(123, 6400, 7),
	(124, 6500, 7),
	(125, 6600, 7),
	(126, 6700, 7),
	(127, 6800, 7),
	(128, 6900, 7),
	(129, 7000, 7),
	(130, 7100, 7),
	(131, 7200, 7),
	(132, 7300, 7),
	(133, 7400, 7),
	(134, 7500, 7),
	(135, 7600, 7),
	(136, 7700, 7),
	(137, 7800, 7),
	(138, 7900, 7),
	(139, 8000, 7),
	(140, 8200, 8),
	(141, 8400, 8),
	(142, 8600, 8),
	(143, 8800, 8),
	(144, 9000, 8),
	(145, 9200, 8),
	(146, 9400, 8),
	(147, 9600, 8),
	(148, 9800, 8),
	(149, 10000, 8),
	(150, 10200, 8),
	(151, 10400, 8),
	(152, 10600, 8),
	(153, 10800, 8),
	(154, 11000, 8),
	(155, 11200, 8),
	(156, 11400, 8),
	(157, 11600, 8),
	(158, 11800, 8),
	(159, 12000, 8),
	(160, 12200, 8),
	(161, 12400, 8),
	(162, 12600, 8),
	(163, 12800, 8),
	(164, 13000, 8),
	(165, 13200, 8),
	(166, 13400, 8),
	(167, 13600, 8),
	(168, 13800, 8),
	(169, 14000, 8),
	(170, 14200, 8),
	(171, 14400, 8),
	(172, 14600, 8),
	(173, 14800, 8),
	(174, 15000, 8),
	(175, 15200, 8),
	(176, 15400, 8),
	(177, 15600, 8),
	(178, 15800, 8),
	(179, 16000, 8),
	(180, 16200, 8),
	(181, 16400, 8),
	(182, 16600, 8),
	(183, 16800, 8),
	(184, 17000, 8),
	(185, 17200, 8),
	(186, 17400, 8),
	(187, 17600, 8),
	(188, 17800, 8),
	(189, 18000, 8),
	(190, 18200, 8),
	(191, 18400, 8),
	(192, 18600, 8),
	(193, 18800, 8),
	(194, 19000, 8),
	(195, 19200, 8),
	(196, 19400, 8),
	(197, 19600, 8),
	(198, 19800, 8),
	(199, 20000, 8),
	(200, 20500, 8),
	(201, 21000, 8),
	(202, 21500, 8),
	(203, 22000, 8),
	(204, 22500, 8),
	(205, 23000, 8),
	(206, 23500, 8),
	(207, 24000, 8),
	(208, 24500, 8),
	(209, 25000, 8),
	(210, 25500, 8),
	(211, 26000, 8),
	(212, 26500, 8),
	(213, 27000, 8),
	(214, 27500, 8),
	(215, 28000, 8),
	(216, 28500, 8),
	(217, 29000, 8),
	(218, 29500, 8),
	(219, 30000, 8),
	(220, 30500, 8),
	(221, 31000, 8),
	(222, 31500, 8),
	(223, 32000, 8),
	(224, 32500, 8),
	(225, 33000, 8),
	(226, 33500, 8),
	(227, 34000, 8),
	(228, 34500, 8),
	(229, 35000, 8),
	(230, 35500, 8),
	(231, 36000, 8),
	(232, 36500, 8),
	(233, 37000, 8),
	(234, 37500, 8),
	(235, 38000, 8),
	(236, 38500, 8),
	(237, 39000, 8),
	(238, 39500, 8),
	(239, 40000, 8),
	(240, 40500, 8),
	(241, 41000, 8),
	(242, 41500, 8),
	(243, 42000, 8),
	(244, 42500, 8),
	(245, 43000, 8),
	(246, 43500, 8),
	(247, 44000, 8),
	(248, 44500, 8),
	(249, 45000, 8),
	(250, 45500, 8),
	(251, 46000, 8),
	(252, 46500, 8),
	(253, 47000, 8),
	(254, 47500, 8),
	(255, 48000, 8),
	(256, 48500, 8),
	(257, 49000, 8),
	(258, 49500, 8),
	(259, 50000, 8);

-- Dumping structure for table ddk_db.tbl_api_key
CREATE TABLE IF NOT EXISTS `tbl_api_key` (
  `kid` bigint NOT NULL AUTO_INCREMENT,
  `user_num` bigint DEFAULT NULL COMMENT '유저 유일번호',
  `market` varchar(50) NOT NULL DEFAULT 'htx' COMMENT '거래소 이름',
  `key_name` varchar(150) CHARACTER SET utf8mb3 COLLATE utf8mb3_general_ci DEFAULT '' COMMENT '키 이름',
  `api_key` varchar(250) CHARACTER SET utf8mb3 COLLATE utf8mb3_general_ci DEFAULT '' COMMENT 'api key',
  `secret_key` varchar(250) CHARACTER SET utf8mb3 COLLATE utf8mb3_general_ci DEFAULT '' COMMENT 'Secret Key',
  `create_date` varchar(150) DEFAULT NULL COMMENT '생성일자',
  PRIMARY KEY (`kid`)
) ENGINE=InnoDB AUTO_INCREMENT=149 DEFAULT CHARSET=utf8mb3 COMMENT='유저별 api 키 테이블';

-- Dumping data for table ddk_db.tbl_api_key: ~69 rows (approximately)
DELETE FROM `tbl_api_key`;
INSERT INTO `tbl_api_key` (`kid`, `user_num`, `market`, `key_name`, `api_key`, `secret_key`, `create_date`) VALUES
	(11, 3, 'bin', 'API Key', 'dlKVflhIn8HjuCvWUN2pvcQewa5Pa1NjrnPoTiXy7Nxk0GrSZuWbpf3Qq8u5OtQL', 'jVexd2s0ii1DH085PboFn5Li0iDWajzzr1rAaqWjO1xTPqJv0K7XPIsoH41jOQ3Z', '2024-04-29 07:17:07'),
	(14, 6, 'bin', 'API Key', 'VNfwtSBfREYipcFZw9urt1NENaySpt0eQSV1Am3ujGq9QVaiK5dH9JpERUEEBKCh', '9Srq98XWfezYF8BHD6HJjcV9PQlaKwglT7Sh6MUCVHVFUzLEI96fO3nOv6gNEX34', '2024-05-09 16:21:15'),
	(77, 22, 'htx', 'API Key', '6ce4f6d9-4dfd0338-2510ea95-ur2fg6h2gf', 'eaa74f54-e417b453-62501790-0ca50', '2024-09-24 08:50:00'),
	(78, 22, 'htx', 'API Key', 'vftwcr5tnh-9d212478-b299255c-40195', '52024c77-e2935127-67269e24-f06b0', '2024-09-24 08:50:12'),
	(79, 22, 'htx', 'API Key', 'frbghq7rnm-e12c934c-a6f6d97a-a560b', '494d058e-378325b1-47ee5f7a-628a5', '2024-09-24 08:50:24'),
	(80, 22, 'htx', 'API Key', 'bgrdawsdsd-8bcec16d-b4a79920-b7ba5', 'fda41d52-fcc258b2-6f9c711e-d4751', '2024-09-24 08:50:37'),
	(81, 22, 'htx', 'API Key', 'c48454f1-b980ca91-vfd5ghr532-5a4f2', 'b17d1047-1161c64d-b09b2f42-5fdec', '2024-09-24 08:50:50'),
	(82, 22, 'htx', 'API Key', 'edrfhh5h53-a2c7e633-11fd8086-13994', '532609f5-7d5fb069-33e048d4-7ef34', '2024-09-24 08:51:03'),
	(83, 22, 'htx', 'API Key', 'yh4fhmvs5k-12d8c5fe-06cce533-686a8', 'f3749560-9cf9b1e7-c4ce0025-dc962', '2024-09-24 08:51:15'),
	(84, 22, 'htx', 'API Key', '71f28f88-8de20bda-785d7988-afwo04df3f', '1d5c9482-84a72b89-9533451d-53691', '2024-09-24 08:51:26'),
	(85, 22, 'htx', 'API Key', '2756a88e-vfd5ghr532-d6b57a16-5ecf2', '5958b31e-d7269690-1a331d60-0288a', '2024-09-24 08:51:39'),
	(86, 22, 'htx', 'API Key', 'e72c6d95-cef32ed6-d50f56eb-qv2d5ctgbn', 'f5cee9d2-893f3af0-08f6ba62-dbf31', '2024-09-24 08:51:52'),
	(87, 6, 'htx', 'API Key', '6ce4f6d9-4dfd0338-2510ea95-ur2fg6h2gf', 'eaa74f54-e417b453-62501790-0ca50', '2024-09-24 08:52:40'),
	(88, 6, 'htx', 'API Key', 'vftwcr5tnh-9d212478-b299255c-40195', '52024c77-e2935127-67269e24-f06b0', '2024-09-24 08:52:51'),
	(89, 6, 'htx', 'API Key', 'frbghq7rnm-e12c934c-a6f6d97a-a560b', '494d058e-378325b1-47ee5f7a-628a5', '2024-09-24 08:53:02'),
	(90, 6, 'htx', 'API Key', 'bgrdawsdsd-8bcec16d-b4a79920-b7ba5', 'fda41d52-fcc258b2-6f9c711e-d4751', '2024-09-24 08:53:13'),
	(91, 6, 'htx', 'API Key', 'c48454f1-b980ca91-vfd5ghr532-5a4f2', 'b17d1047-1161c64d-b09b2f42-5fdec', '2024-09-24 08:53:24'),
	(92, 6, 'htx', 'API Key', 'edrfhh5h53-a2c7e633-11fd8086-13994', '532609f5-7d5fb069-33e048d4-7ef34', '2024-09-24 08:53:36'),
	(93, 6, 'htx', 'API Key', 'yh4fhmvs5k-12d8c5fe-06cce533-686a8', 'f3749560-9cf9b1e7-c4ce0025-dc962', '2024-09-24 08:53:47'),
	(94, 6, 'htx', 'API Key', '71f28f88-8de20bda-785d7988-afwo04df3f', '1d5c9482-84a72b89-9533451d-53691', '2024-09-24 08:53:58'),
	(95, 6, 'htx', 'API Key', '2756a88e-vfd5ghr532-d6b57a16-5ecf2', '5958b31e-d7269690-1a331d60-0288a', '2024-09-24 08:54:10'),
	(96, 6, 'htx', 'API Key', 'e72c6d95-cef32ed6-d50f56eb-qv2d5ctgbn', 'f5cee9d2-893f3af0-08f6ba62-dbf31', '2024-09-24 08:54:29'),
	(97, 24, 'htx', 'API Key', 'e72c6d95-cef32ed6-d50f56eb-qv2d5ctgbn', 'f5cee9d2-893f3af0-08f6ba62-dbf31', '2024-11-04 10:00:16'),
	(98, 24, 'htx', 'API Key', '2756a88e-vfd5ghr532-d6b57a16-5ecf2', '5958b31e-d7269690-1a331d60-0288a', '2024-11-05 15:05:13'),
	(99, 24, 'htx', 'API Key', '71f28f88-8de20bda-785d7988-afwo04df3f', '1d5c9482-84a72b89-9533451d-53691', '2024-11-05 15:05:31'),
	(100, 24, 'htx', 'API Key', 'yh4fhmvs5k-12d8c5fe-06cce533-686a8', 'f3749560-9cf9b1e7-c4ce0025-dc962', '2024-11-05 15:06:24'),
	(101, 24, 'htx', 'API Key', 'edrfhh5h53-a2c7e633-11fd8086-13994', '532609f5-7d5fb069-33e048d4-7ef34', '2024-11-05 15:06:42'),
	(102, 24, 'htx', 'API Key', 'c48454f1-b980ca91-vfd5ghr532-5a4f2', 'b17d1047-1161c64d-b09b2f42-5fdec', '2024-11-05 15:07:00'),
	(103, 24, 'htx', 'API Key', 'bgrdawsdsd-8bcec16d-b4a79920-b7ba5', 'fda41d52-fcc258b2-6f9c711e-d4751', '2024-11-05 15:07:17'),
	(104, 24, 'htx', 'API Key', 'frbghq7rnm-e12c934c-a6f6d97a-a560b', '494d058e-378325b1-47ee5f7a-628a5', '2024-11-05 15:07:35'),
	(105, 24, 'htx', 'API Key', 'vftwcr5tnh-9d212478-b299255c-40195', '52024c77-e2935127-67269e24-f06b0', '2024-11-05 15:07:52'),
	(106, 24, 'htx', 'API Key', '6ce4f6d9-4dfd0338-2510ea95-ur2fg6h2gf', 'eaa74f54-e417b453-62501790-0ca50', '2024-11-05 15:08:10'),
	(107, 3, 'htx', 'API Key', 'f8f462ad-c8f939f5-ebc27da0-bvrge3rf7j', 'f3ea06d3-3a145f54-7e9f68e7-b0ae0', '2025-01-13 15:21:25'),
	(111, 26, 'htx', 'API Key', '731ad538-c0c4e173-04afc533-vqgdf4gsga', '707eaa80-cdebfdc0-f8525d0e-e4d86', '2025-01-19 10:38:10'),
	(112, 26, 'htx', 'API Key', '25ac86a8-1hrfj6yhgg-251cd2d4-10aaa', '9f3237b2-96312483-7fc7133e-b0ac7', '2025-01-19 10:38:26'),
	(113, 26, 'htx', 'API Key', 'a36c3ea2-2734abf7-uymylwhfeg-55b8d', 'deef923f-f2da8df0-4841452f-afb7d', '2025-01-19 10:38:40'),
	(114, 26, 'htx', 'API Key', '6f88a3df-95c4865a-d55c3308-frbghq7rnm', 'b2f35819-10e93ec7-71b8579b-524d4', '2025-01-19 10:38:54'),
	(115, 26, 'htx', 'API Key', '8bdb35fe-c992e73a-frbghq7rnm-638e5', 'a1f16f26-271cbafe-0bf153f6-f76f0', '2025-01-19 10:39:07'),
	(116, 26, 'htx', 'API Key', 'bg5t6ygr6y-52b283ec-e4eb9c2b-e4fa7', 'fcc8bc25-12ef63c0-eb64fe6b-e39ac', '2025-01-19 10:39:21'),
	(117, 27, 'htx', 'API Key', 'mk0lklo0de-f3d8dbcd-ac21cf90-ab830', '1b984069-a67d5ba4-fb89a5d4-b8485', '2025-01-19 10:40:03'),
	(118, 27, 'htx', 'API Key', 'b1rkuf4drg-f7dc258b-fd244cd9-d7ec6', '757c44b1-fc8e7006-e82536b8-9d123', '2025-01-19 10:40:16'),
	(119, 27, 'htx', 'API Key', '89f1a4c5-cc9f918e-def1f6ea-mjlpdje3ld', 'ae769ca7-d0726ed3-dad60b2e-c439c', '2025-01-19 10:40:31'),
	(120, 27, 'htx', 'API Key', '41e3c987-0a173a7a-vqgdf4gsga-65353', '0163d0e4-6ed62b66-e98d61e6-bde69', '2025-01-19 10:40:47'),
	(121, 27, 'htx', 'API Key', 'rbr45t6yr4-bfeb3618-0e034aac-6cd8e', '14d01a1f-6a4899f1-5389df9b-b611d', '2025-01-19 10:41:00'),
	(122, 27, 'htx', 'API Key', '10158a5b-f6a889c3-78dfbb12-dqnh6tvdf3', 'e17e76a1-b291924d-a82ca143-0aa30', '2025-01-19 10:41:14'),
	(123, 28, 'htx', 'API Key', 'd9a6052f-77b8b059-dqnh6tvdf3-f3a63', 'e168b939-a2c8fa52-f2facac4-40793', '2025-01-19 10:47:57'),
	(124, 28, 'htx', 'API Key', '9540a868-7e9786dc-bg2hyw2dfg-bacd3', 'c4183a1f-95bfa3b8-0eccba3d-237da', '2025-01-19 10:48:13'),
	(125, 28, 'htx', 'API Key', '7yngd7gh5g-d68361f5-07629dcf-ecc37', '0cd9c81c-c85f0881-d7127ae2-c9ac3', '2025-01-19 10:48:29'),
	(126, 28, 'htx', 'API Key', '12a63e9d-94c362a8-150b12f7-qv2d5ctgbn', '36e1d281-3f046a28-4378a0e4-d6784', '2025-01-19 10:48:45'),
	(127, 28, 'htx', 'API Key', 'c28792ed-3d2xc4v5bu-05da87a1-c77c2', '5051121b-bf16513e-81f0a95f-879c6', '2025-01-19 10:49:00'),
	(128, 28, 'htx', 'API Key', '458aec4e-vfd5ghr532-e160714f-9ddea', '199aee83-3c13fa51-954918ed-23595', '2025-01-19 10:49:14'),
	(129, 29, 'htx', 'API Key', 'd0f277e0-edrfhh5h53-2227e789-69950', 'd2214221-294f4d98-089591c3-a2460', '2025-01-19 10:49:53'),
	(130, 29, 'htx', 'API Key', 'rbr45t6yr4-7ed76e19-267210ef-a86b6', '2597dd6b-234c07ea-0e1efd60-05edd', '2025-01-19 10:50:06'),
	(131, 29, 'htx', 'API Key', '5ca3e811-uymylwhfeg-003ca4de-3b083', '447a9283-9912990d-b0a2ae51-b42f0', '2025-01-19 10:50:20'),
	(132, 29, 'htx', 'API Key', '1qdmpe4rty-40356c22-1ee21b74-00c12', '404636f4-fa2177e9-8ab29d6c-0efcc', '2025-01-19 10:50:35'),
	(133, 29, 'htx', 'API Key', 'mjlpdje3ld-df9465b4-3cdb0765-36b64', '708a467c-9bdb4384-193f18c4-1dfb8', '2025-01-19 10:50:49'),
	(134, 29, 'htx', 'API Key', '73d84b99-d4d031f3-ur2fg6h2gf-e6c54', 'c1b04700-e89b14df-84c1294a-d1eb3', '2025-01-19 10:51:09'),
	(136, 30, 'htx', 'API Key', '8193c569-ghxertfvbf-8ec818de-9642b', '54cde017-cc8d18a4-630aaab6-cadbc', '2025-01-21 21:27:55'),
	(137, 30, 'htx', 'API Key', 'ez2xc4vb6n-95c75734-9dec2a96-72ffe', 'ecffa2c9-99290e73-db12bb1f-de58b', '2025-01-21 21:28:10'),
	(138, 30, 'htx', 'API Key', '155ce1dd-vfd5ghr532-1b6a33c5-45485', '2f7f8e96-5e7cec48-185ffe16-07167', '2025-01-21 21:28:24'),
	(139, 30, 'htx', 'API Key', 'ghxertfvbf-2353891c-ce29bfad-4ee02', 'f48416ac-275bb461-d42d3007-2a255', '2025-01-21 21:28:38'),
	(140, 30, 'htx', 'API Key', 'fr2wer5t6y-9d30375b-fb43f474-efb0c', '51e47e86-b9fcc7d9-dd2f5daa-acd35', '2025-01-21 21:28:51'),
	(141, 30, 'htx', 'API Key', '815315ac-d43c7ea9-6f04c186-vqgdf4gsga', '94bd1523-ba09e332-4176185c-e11ac', '2025-01-21 21:29:03'),
	(142, 31, 'htx', 'API Key', '63346d61-85d9dd87-2b6d341e-fr2wer5t6y', '63bad193-effa4dad-acb573eb-56f64', '2025-01-21 21:29:39'),
	(143, 31, 'htx', 'API Key', '7a0f91a0-da8a9a03-ht4tgq1e4t-02d96', '51b7afda-c7c2b1df-9cc609e4-0770d', '2025-01-21 21:29:54'),
	(144, 31, 'htx', 'API Key', '0e886098-eac5c3c4-3aa7ada7-1hrfj6yhgg', 'b4f41c92-5deb853e-83b74266-b6926', '2025-01-21 21:30:08'),
	(145, 31, 'htx', 'API Key', 'ur2fg6h2gf-0ed564a9-389b7ca5-d0fb6', 'ab074db3-56a6b645-0a59ddba-d6629', '2025-01-21 21:30:22'),
	(146, 31, 'htx', 'API Key', '1ac076e6-ghxertfvbf-2921e536-32599', '07e3da74-bd653601-a4cc6d12-955fc', '2025-01-21 21:30:36'),
	(147, 31, 'htx', 'API Key', '1hrfj6yhgg-f17d5b47-f982e7b0-e4f3d', '65dc134e-339d591f-d84a2590-b67e6', '2025-01-21 21:30:49');

-- Dumping structure for table ddk_db.tbl_coupon
CREATE TABLE IF NOT EXISTS `tbl_coupon` (
  `coupon_num` int NOT NULL AUTO_INCREMENT COMMENT '쿠폰 번호',
  `coupon_name` varchar(150) NOT NULL COMMENT '쿠폰 이름',
  `coupon_level` int NOT NULL DEFAULT '0' COMMENT '쿠폰 레벨',
  `coupon_valid` int NOT NULL DEFAULT '0' COMMENT '쿠폰 유효 기간',
  `coupon_price` int NOT NULL DEFAULT '0' COMMENT '구매 가격',
  `amount_given` double(10,5) NOT NULL DEFAULT '0.00000' COMMENT '제공 금액',
  `description` varchar(250) NOT NULL COMMENT '설명',
  `show` int NOT NULL DEFAULT '0' COMMENT '웹에 올림, 내림 선택',
  `coin_count` int NOT NULL DEFAULT '0' COMMENT '동시 사용가능한 코인 수량',
  `create_date` varchar(150) NOT NULL DEFAULT '',
  PRIMARY KEY (`coupon_num`) USING BTREE
) ENGINE=InnoDB AUTO_INCREMENT=17 DEFAULT CHARSET=utf8mb3 COMMENT='쿠폰 테이블';

-- Dumping data for table ddk_db.tbl_coupon: ~13 rows (approximately)
DELETE FROM `tbl_coupon`;
INSERT INTO `tbl_coupon` (`coupon_num`, `coupon_name`, `coupon_level`, `coupon_valid`, `coupon_price`, `amount_given`, `description`, `show`, `coin_count`, `create_date`) VALUES
	(2, '1레벨 쿠폰', 1, 20, 500, 600.00000, '1레벨 유저에 해당 함', 0, 1, '2024-03-21 06:14:39'),
	(4, '3레벨 쿠폰', 3, 60, 1600, 2000.00000, '3레벨 유저에게 해당함', 0, 3, '2024-03-21 21:13:22'),
	(6, '2레벨 쿠폰', 2, 60, 900, 1000.00000, '2레벨 유저에 해당 함', 0, 2, '2024-03-22 00:48:32'),
	(7, '4레벨 쿠폰', 4, 60, 2000, 2200.00000, '4레벨 유저가 사용함', 0, 5, '2024-03-22 00:49:18'),
	(8, '5레벨 쿠폰', 5, 60, 3500, 4000.00000, '5레벨에 해당 함', 0, 8, '2024-03-22 00:50:11'),
	(9, '6레벨 쿠폰', 7, 60, 5000, 6000.00000, '6레벨 유저가 사용', 0, 6, '2024-03-24 15:03:23'),
	(10, '1레벨 쿠폰', 1, 60, 650, 700.00000, '1레벨 쿠폰', 0, 1, '2024-03-25 15:41:42'),
	(11, '2레벨 쿠폰', 2, 60, 1100, 1200.00000, '2레벨 쿠폰', 0, 2, '2024-03-25 15:42:19'),
	(12, '3레벨 쿠폰', 3, 60, 2200, 2300.00000, '3레벨 쿠폰', 0, 3, '2024-03-25 15:42:49'),
	(13, '4레벨 쿠폰', 4, 60, 3500, 4000.00000, '4레벨 쿠폰', 0, 6, '2024-03-25 15:43:14'),
	(14, '5레벨 쿠폰', 5, 60, 5000, 5500.00000, '5레벨 쿠폰', 0, 8, '2024-03-25 15:43:59'),
	(15, '6레벨 쿠폰', 6, 60, 6500, 7000.00000, '6레벨 쿠폰', 0, 10, '2024-03-25 15:44:30'),
	(16, '7레벨 쿠폰', 7, 60, 10000, 15000.00000, '7레벨 쿠폰', 0, 20, '2024-03-25 15:44:52');

-- Dumping structure for table ddk_db.tbl_coupon_user
CREATE TABLE IF NOT EXISTS `tbl_coupon_user` (
  `cid` bigint NOT NULL AUTO_INCREMENT,
  `user_num` bigint NOT NULL COMMENT '유저 유일번호',
  `coupon_num` int NOT NULL COMMENT '쿠폰번호',
  `date_buy` varchar(150) DEFAULT NULL COMMENT '구폰 구매 일자',
  `date_due` varchar(150) DEFAULT NULL COMMENT '쿠폰 유효 기간',
  `price_buy` double(10,5) DEFAULT '0.00000' COMMENT '구매 가격',
  `amount_given` double(10,5) DEFAULT '0.00000' COMMENT '쿠폰 증정 금액',
  `level` tinyint DEFAULT NULL COMMENT '쿠폰 레벨',
  `amount_used` double(10,5) DEFAULT '0.00000' COMMENT '사용한 금액',
  `balance` double(10,5) DEFAULT '0.00000' COMMENT '남은 금액',
  `status` tinyint DEFAULT '0' COMMENT '상태(0: 사용전, 1:사용중, 2:기간만료, 3:사용완료)',
  `created_date` varchar(150) DEFAULT NULL,
  `coin_num_ext` tinyint DEFAULT '0',
  `sales_num` int DEFAULT NULL,
  PRIMARY KEY (`cid`),
  KEY `user_num` (`user_num`)
) ENGINE=InnoDB AUTO_INCREMENT=2 DEFAULT CHARSET=utf8mb3 COMMENT='유저쿠폰 테이블';

-- Dumping data for table ddk_db.tbl_coupon_user: ~1 rows (approximately)
DELETE FROM `tbl_coupon_user`;
INSERT INTO `tbl_coupon_user` (`cid`, `user_num`, `coupon_num`, `date_buy`, `date_due`, `price_buy`, `amount_given`, `level`, `amount_used`, `balance`, `status`, `created_date`, `coin_num_ext`, `sales_num`) VALUES
	(1, 6, 2, '2024-03-25 23:59:17', '2024-05-25 23:59:31', 500.00000, 600.00000, 1, 0.00000, 600.00000, 0, NULL, 1, NULL);

-- Dumping structure for table ddk_db.tbl_live_coins
CREATE TABLE IF NOT EXISTS `tbl_live_coins` (
  `cid` bigint NOT NULL AUTO_INCREMENT COMMENT '실행 번호',
  `user_num` bigint DEFAULT NULL COMMENT '유저 유일번호',
  `coin_num` int DEFAULT NULL COMMENT '코인번호',
  `market` varchar(50) DEFAULT NULL COMMENT '거래소 이름(bin, htx)',
  `bet_limit` int DEFAULT '100' COMMENT '1회 최대 거래 금액',
  `rate_rev` float DEFAULT '0.5' COMMENT '거래 당 수익범위',
  `leverage` tinyint DEFAULT NULL COMMENT '레버리지',
  `rate_liq` float DEFAULT '5' COMMENT '거래 당 청산범위',
  `is_run` tinyint DEFAULT '0' COMMENT '실행상태(0-정지, 1-실행중)',
  `kid` bigint DEFAULT '0' COMMENT '생성된 API 키의 유일번호',
  `hold_status` tinyint DEFAULT '0' COMMENT 'Holding 상태',
  `check_time` int DEFAULT '3' COMMENT '자동확인 시간',
  PRIMARY KEY (`cid`)
) ENGINE=InnoDB AUTO_INCREMENT=65 DEFAULT CHARSET=utf8mb3 COMMENT='작업중 코인 테이블';

-- Dumping data for table ddk_db.tbl_live_coins: ~64 rows (approximately)
DELETE FROM `tbl_live_coins`;
INSERT INTO `tbl_live_coins` (`cid`, `user_num`, `coin_num`, `market`, `bet_limit`, `rate_rev`, `leverage`, `rate_liq`, `is_run`, `kid`, `hold_status`, `check_time`) VALUES
	(1, 3, 48, 'htx', 100, 7, 3, 1.1, 0, 107, 0, 3),
	(2, 3, 27, 'htx', 100, 10, 3, 1.1, 0, 107, 0, 3),
	(3, 24, 48, 'htx', 100, 5, 6, 1.7, 0, 106, 0, 3),
	(4, 24, 14, 'htx', 100, 5, 6, 1.7, 0, 106, 0, 3),
	(5, 3, 14, 'htx', 100, 10, 3, 1.1, 0, 107, 0, 3),
	(6, 3, 3, 'htx', 100, 10, 3, 1.1, 0, 107, 0, 3),
	(7, 3, 16, 'htx', 100, 10, 3, 1.1, 0, 107, 0, 3),
	(8, 24, 24, 'htx', 100, 5, 6, 1.7, 0, 106, 0, 3),
	(9, 24, 6, 'htx', 100, 5, 6, 1.7, 0, 106, 0, 3),
	(10, 3, 6, 'htx', 100, 10, 3, 1.1, 0, 107, 0, 3),
	(11, 26, 4, 'htx', 100, 5, 6, 1.6, 0, 116, 0, 3),
	(12, 22, 4, 'htx', 100, 2, 20, 1.6, 0, 84, 0, 1),
	(13, 22, 11, 'htx', 100, 2, 10, 1.6, 0, 86, 0, 1),
	(14, 22, 24, 'htx', 100, 2, 10, 1.6, 0, 86, 0, 1),
	(15, 26, 48, 'htx', 100, 2, 10, 1.6, 1, 116, 0, 1),
	(16, 22, 43, 'htx', 100, 2, 10, 1.6, 0, 86, 0, 1),
	(17, 22, 45, 'htx', 100, 2, 10, 1.6, 0, 86, 0, 1),
	(18, 22, 37, 'htx', 100, 2, 10, 1.6, 0, 86, 0, 1),
	(19, 22, 14, 'htx', 100, 2, 10, 1.6, 0, 86, 0, 1),
	(20, 22, 48, 'htx', 100, 2, 10, 1.6, 0, 86, 0, 1),
	(21, 22, 6, 'htx', 100, 2, 10, 1.6, 0, 86, 0, 1),
	(22, 22, 32, 'htx', 100, 2, 10, 1.6, 0, 86, 0, 1),
	(23, 22, 27, 'htx', 100, 2, 15, 1.6, 0, 86, 0, 1),
	(24, 22, 23, 'htx', 100, 2, 30, 1.6, 0, 86, 0, 1),
	(25, 22, 29, 'htx', 100, 2, 30, 1.6, 0, 86, 0, 1),
	(26, 22, 10, 'htx', 100, 2, 20, 1.6, 0, 86, 0, 1),
	(27, 22, 36, 'htx', 100, 2, 10, 1.6, 0, 86, 0, 1),
	(28, 22, 22, 'htx', 100, 2, 10, 1.6, 0, 86, 0, 1),
	(29, 22, 16, 'htx', 100, 2, 10, 0.6, 0, 86, 0, 1),
	(30, 22, 26, 'htx', 100, 2, 10, 0.6, 0, 86, 0, 1),
	(31, 22, 5, 'htx', 100, 2, 20, 1.6, 0, 82, 0, 1),
	(32, 22, 8, 'htx', 100, 2, 10, 0.6, 0, 86, 0, 1),
	(33, 22, 33, 'htx', 100, 2, 20, 1.6, 0, 82, 0, 1),
	(34, 22, 21, 'htx', 100, 2, 20, 1.6, 0, 82, 0, 1),
	(35, 22, 38, 'htx', 100, 2, 10, 0.6, 1, 86, 0, 1),
	(36, 22, 41, 'htx', 100, 2, 10, 0.6, 0, 86, 0, 1),
	(37, 22, 39, 'htx', 100, 2, 15, 1.6, 0, 86, 0, 1),
	(38, 22, 17, 'htx', 100, 2, 15, 1.6, 0, 86, 0, 1),
	(39, 22, 25, 'htx', 100, 2, 15, 1.6, 0, 86, 0, 1),
	(40, 22, 20, 'htx', 100, 2, 25, 1.6, 0, 86, 0, 1),
	(41, 22, 15, 'htx', 100, 2, 10, 1.6, 0, 86, 0, 1),
	(42, 22, 30, 'htx', 100, 2, 10, 1.6, 0, 86, 0, 1),
	(43, 22, 3, 'htx', 100, 2, 20, 1.6, 0, 81, 0, 1),
	(44, 22, 7, 'htx', 100, 2, 20, 1.6, 0, 81, 0, 1),
	(45, 22, 47, 'htx', 100, 2, 20, 1.6, 0, 82, 0, 1),
	(46, 22, 42, 'htx', 100, 2, 10, 0.6, 1, 86, 0, 1),
	(47, 22, 50, 'htx', 100, 2, 10, 1.6, 0, 86, 0, 1),
	(48, 22, 34, 'htx', 100, 2, 10, 1.6, 0, 86, 0, 1),
	(49, 22, 46, 'htx', 100, 2, 10, 1.6, 0, 86, 0, 1),
	(50, 22, 12, 'htx', 100, 2, 10, 1.6, 0, 86, 0, 1),
	(51, 22, 13, 'htx', 100, 2, 20, 1.6, 0, 85, 0, 1),
	(52, 22, 44, 'htx', 100, 2, 25, 1.6, 0, 86, 0, 1),
	(53, 22, 31, 'htx', 100, 2, 25, 1.6, 0, 86, 0, 1),
	(54, 22, 28, 'htx', 100, 2, 10, 1.6, 0, 85, 0, 1),
	(55, 22, 2, 'htx', 100, 2, 10, 1.6, 0, 85, 0, 1),
	(56, 22, 19, 'htx', 100, 2, 10, 1.6, 0, 85, 0, 1),
	(57, 22, 40, 'htx', 100, 2, 10, 0.6, 1, 86, 0, 1),
	(58, 3, 36, 'htx', 100, 5, 10, 0.5, 0, 107, 0, 1),
	(59, 3, 22, 'htx', 100, 5, 10, 0.5, 0, 107, 0, 1),
	(60, 3, 34, 'htx', 100, 5, 10, 0.5, 0, 107, 0, 1),
	(61, 3, 46, 'htx', 100, 5, 10, 0.5, 0, 107, 0, 1),
	(62, 3, 29, 'htx', 100, 5, 10, 0.5, 0, 107, 0, 1),
	(63, 3, 10, 'htx', 100, 5, 10, 0.5, 0, 107, 0, 1),
	(64, 26, 14, 'htx', 100, 2, 10, 1.6, 1, 116, 0, 1);

-- Dumping structure for table ddk_db.tbl_market_amount
CREATE TABLE IF NOT EXISTS `tbl_market_amount` (
  `mid` bigint NOT NULL AUTO_INCREMENT,
  `user_num` bigint NOT NULL DEFAULT '0' COMMENT '유저번호',
  `market` varchar(50) NOT NULL COMMENT '거래소 이름(bin, htx)',
  `amount` double(20,5) NOT NULL DEFAULT '0.00000' COMMENT '보유금액',
  `date` varchar(50) DEFAULT '' COMMENT '날짜',
  PRIMARY KEY (`mid`)
) ENGINE=InnoDB AUTO_INCREMENT=282 DEFAULT CHARSET=utf8mb3 COMMENT='유저별 거래소별 보유금액';

-- Dumping data for table ddk_db.tbl_market_amount: ~233 rows (approximately)
DELETE FROM `tbl_market_amount`;
INSERT INTO `tbl_market_amount` (`mid`, `user_num`, `market`, `amount`, `date`) VALUES
	(1, 3, 'bin', 0.00000, '2025-01-08'),
	(2, 6, 'bin', 0.00000, '2025-01-08'),
	(3, 3, 'htx', 311.53000, '2025-01-08'),
	(4, 22, 'htx', 19976.05000, '2025-01-08'),
	(5, 6, 'htx', 19976.05000, '2025-01-08'),
	(6, 24, 'htx', 19976.02000, '2025-01-08'),
	(7, 3, 'bin', 0.00000, '2025-01-10'),
	(8, 6, 'bin', 0.00000, '2025-01-10'),
	(9, 3, 'htx', 309.30000, '2025-01-10'),
	(10, 22, 'htx', 20060.31000, '2025-01-10'),
	(11, 6, 'htx', 20060.31000, '2025-01-10'),
	(12, 24, 'htx', 20060.31000, '2025-01-10'),
	(13, 3, 'bin', 0.00000, '2025-01-11'),
	(14, 6, 'bin', 0.00000, '2025-01-11'),
	(15, 3, 'htx', 307.20000, '2025-01-11'),
	(16, 22, 'htx', 20060.31000, '2025-01-11'),
	(17, 6, 'htx', 20060.31000, '2025-01-11'),
	(18, 24, 'htx', 20060.31000, '2025-01-11'),
	(19, 3, 'bin', 0.00000, '2025-01-12'),
	(20, 6, 'bin', 0.00000, '2025-01-12'),
	(21, 3, 'htx', 302.92000, '2025-01-12'),
	(22, 22, 'htx', 0.00000, '2025-01-12'),
	(23, 6, 'htx', 0.00000, '2025-01-12'),
	(24, 24, 'htx', 0.00000, '2025-01-12'),
	(25, 3, 'bin', 0.00000, '2025-01-13'),
	(26, 6, 'bin', 0.00000, '2025-01-13'),
	(27, 3, 'htx', 292.88000, '2025-01-13'),
	(28, 22, 'htx', 0.00000, '2025-01-13'),
	(29, 6, 'htx', 0.00000, '2025-01-13'),
	(30, 24, 'htx', 0.00000, '2025-01-13'),
	(31, 3, 'htx', 280.19000, '2025-01-14'),
	(32, 3, 'bin', 0.00000, '2025-01-14'),
	(33, 6, 'bin', 0.00000, '2025-01-14'),
	(34, 22, 'htx', 0.00000, '2025-01-14'),
	(35, 6, 'htx', 0.00000, '2025-01-14'),
	(36, 24, 'htx', 0.00000, '2025-01-14'),
	(37, 3, 'bin', 0.00000, '2025-01-15'),
	(38, 6, 'bin', 0.00000, '2025-01-15'),
	(39, 22, 'htx', 0.00000, '2025-01-15'),
	(40, 6, 'htx', 0.00000, '2025-01-15'),
	(41, 24, 'htx', 0.00000, '2025-01-15'),
	(42, 3, 'htx', 270.45000, '2025-01-15'),
	(43, 3, 'bin', 0.00000, '2025-01-16'),
	(44, 6, 'bin', 0.00000, '2025-01-16'),
	(45, 22, 'htx', 351.94000, '2025-01-16'),
	(46, 6, 'htx', 351.94000, '2025-01-16'),
	(47, 24, 'htx', 351.94000, '2025-01-16'),
	(48, 3, 'htx', 263.62000, '2025-01-16'),
	(49, 3, 'bin', 0.00000, '2025-01-17'),
	(50, 6, 'bin', 0.00000, '2025-01-17'),
	(51, 22, 'htx', 351.97000, '2025-01-17'),
	(52, 6, 'htx', 351.97000, '2025-01-17'),
	(53, 24, 'htx', 351.97000, '2025-01-17'),
	(54, 3, 'htx', 256.68000, '2025-01-17'),
	(55, 3, 'bin', 0.00000, '2025-01-18'),
	(56, 6, 'bin', 0.00000, '2025-01-18'),
	(57, 22, 'htx', 299.20000, '2025-01-18'),
	(58, 6, 'htx', 299.20000, '2025-01-18'),
	(59, 24, 'htx', 299.20000, '2025-01-18'),
	(60, 3, 'htx', 256.68000, '2025-01-18'),
	(61, 27, 'htx', 0.00000, '2025-01-18'),
	(62, 6, 'htx', 299.20000, '2025-01-19'),
	(63, 24, 'htx', 299.20000, '2025-01-19'),
	(64, 3, 'htx', 256.68000, '2025-01-19'),
	(65, 27, 'htx', 0.00000, '2025-01-19'),
	(66, 3, 'bin', 0.00000, '2025-01-19'),
	(67, 6, 'bin', 0.00000, '2025-01-19'),
	(68, 22, 'htx', 299.20000, '2025-01-19'),
	(69, 26, 'htx', 0.00000, '2025-01-19'),
	(70, 28, 'htx', 0.00000, '2025-01-19'),
	(71, 29, 'htx', 0.00000, '2025-01-19'),
	(72, 3, 'bin', 0.00000, '2025-01-20'),
	(73, 6, 'bin', 0.00000, '2025-01-20'),
	(74, 22, 'htx', 98.47000, '2025-01-20'),
	(75, 6, 'htx', 98.47000, '2025-01-20'),
	(76, 24, 'htx', 98.47000, '2025-01-20'),
	(77, 3, 'htx', 253.76000, '2025-01-20'),
	(78, 26, 'htx', 0.00000, '2025-01-20'),
	(79, 27, 'htx', 0.00000, '2025-01-20'),
	(80, 28, 'htx', 0.00000, '2025-01-20'),
	(81, 29, 'htx', 0.00000, '2025-01-20'),
	(82, 21, 'htx', 12.00000, '2025-01-20'),
	(83, 3, 'bin', 0.00000, '2025-01-21'),
	(84, 6, 'bin', 0.00000, '2025-01-21'),
	(85, 22, 'htx', 98.47000, '2025-01-21'),
	(86, 6, 'htx', 98.47000, '2025-01-21'),
	(87, 24, 'htx', 98.47000, '2025-01-21'),
	(88, 3, 'htx', 234.40000, '2025-01-21'),
	(89, 26, 'htx', 4.00000, '2025-01-21'),
	(90, 27, 'htx', 5.00000, '2025-01-21'),
	(91, 28, 'htx', 6.00000, '2025-01-21'),
	(92, 29, 'htx', 7.00000, '2025-01-21'),
	(93, 21, 'htx', 12.00000, '2025-01-21'),
	(94, 30, 'htx', 8.00000, '2025-01-21'),
	(95, 31, 'htx', 9.00000, '2025-01-21'),
	(96, 3, 'bin', 0.00000, '2025-01-22'),
	(97, 6, 'bin', 0.00000, '2025-01-22'),
	(98, 22, 'htx', 1003.30000, '2025-01-22'),
	(99, 6, 'htx', 1003.27000, '2025-01-22'),
	(100, 24, 'htx', 1003.27000, '2025-01-22'),
	(101, 3, 'htx', 234.43000, '2025-01-22'),
	(102, 26, 'htx', 100.03000, '2025-01-22'),
	(103, 27, 'htx', 5.00000, '2025-01-22'),
	(104, 28, 'htx', 6.00000, '2025-01-22'),
	(105, 29, 'htx', 7.00000, '2025-01-22'),
	(106, 21, 'htx', 12.00000, '2025-01-22'),
	(107, 30, 'htx', 8.00000, '2025-01-22'),
	(108, 31, 'htx', 9.00000, '2025-01-22'),
	(109, 3, 'bin', 0.00000, '2025-01-24'),
	(110, 6, 'bin', 0.00000, '2025-01-24'),
	(111, 22, 'htx', 996.84000, '2025-01-24'),
	(112, 6, 'htx', 996.86000, '2025-01-24'),
	(113, 24, 'htx', 996.86000, '2025-01-24'),
	(114, 3, 'htx', 238.62000, '2025-01-24'),
	(115, 26, 'htx', 100.03000, '2025-01-24'),
	(116, 27, 'htx', 5.00000, '2025-01-24'),
	(117, 28, 'htx', 6.00000, '2025-01-24'),
	(118, 29, 'htx', 7.00000, '2025-01-24'),
	(119, 21, 'htx', 12.00000, '2025-01-24'),
	(120, 30, 'htx', 8.00000, '2025-01-24'),
	(121, 31, 'htx', 9.00000, '2025-01-24'),
	(122, 3, 'bin', 0.00000, '2025-01-25'),
	(123, 6, 'bin', 0.00000, '2025-01-25'),
	(124, 22, 'htx', 995.83000, '2025-01-25'),
	(125, 6, 'htx', 995.83000, '2025-01-25'),
	(126, 24, 'htx', 995.83000, '2025-01-25'),
	(127, 3, 'htx', 238.70000, '2025-01-25'),
	(128, 26, 'htx', 100.03000, '2025-01-25'),
	(129, 27, 'htx', 5.00000, '2025-01-25'),
	(130, 28, 'htx', 6.00000, '2025-01-25'),
	(131, 29, 'htx', 7.00000, '2025-01-25'),
	(132, 21, 'htx', 12.00000, '2025-01-25'),
	(133, 30, 'htx', 8.00000, '2025-01-25'),
	(134, 31, 'htx', 9.00000, '2025-01-25'),
	(135, 3, 'bin', 0.00000, '2025-01-27'),
	(136, 6, 'bin', 0.00000, '2025-01-27'),
	(137, 22, 'htx', 1001.92000, '2025-01-27'),
	(138, 6, 'htx', 1001.92000, '2025-01-27'),
	(139, 24, 'htx', 1001.92000, '2025-01-27'),
	(140, 3, 'htx', 272.82000, '2025-01-27'),
	(141, 26, 'htx', 100.03000, '2025-01-27'),
	(142, 27, 'htx', 5.00000, '2025-01-27'),
	(143, 28, 'htx', 6.00000, '2025-01-27'),
	(144, 29, 'htx', 7.00000, '2025-01-27'),
	(145, 21, 'htx', 10.00000, '2025-01-27'),
	(146, 30, 'htx', 8.00000, '2025-01-27'),
	(147, 31, 'htx', 9.00000, '2025-01-27'),
	(148, 3, 'bin', 0.00000, '2025-01-28'),
	(149, 6, 'bin', 0.00000, '2025-01-28'),
	(150, 22, 'htx', 992.59000, '2025-01-28'),
	(151, 6, 'htx', 992.59000, '2025-01-28'),
	(152, 24, 'htx', 992.59000, '2025-01-28'),
	(153, 3, 'htx', 272.26000, '2025-01-28'),
	(154, 26, 'htx', 100.03000, '2025-01-28'),
	(155, 27, 'htx', 5.00000, '2025-01-28'),
	(156, 28, 'htx', 6.00000, '2025-01-28'),
	(157, 29, 'htx', 7.00000, '2025-01-28'),
	(158, 21, 'htx', 10.00000, '2025-01-28'),
	(159, 30, 'htx', 8.00000, '2025-01-28'),
	(160, 31, 'htx', 9.00000, '2025-01-28'),
	(161, 3, 'bin', 0.00000, '2025-01-29'),
	(162, 6, 'bin', 0.00000, '2025-01-29'),
	(163, 22, 'htx', 959.86000, '2025-01-29'),
	(164, 6, 'htx', 959.86000, '2025-01-29'),
	(165, 24, 'htx', 959.86000, '2025-01-29'),
	(166, 3, 'htx', 270.46000, '2025-01-29'),
	(167, 26, 'htx', 100.03000, '2025-01-29'),
	(168, 27, 'htx', 5.00000, '2025-01-29'),
	(169, 28, 'htx', 6.00000, '2025-01-29'),
	(170, 29, 'htx', 7.00000, '2025-01-29'),
	(171, 21, 'htx', 5.00000, '2025-01-29'),
	(172, 30, 'htx', 8.00000, '2025-01-29'),
	(173, 31, 'htx', 9.00000, '2025-01-29'),
	(174, 3, 'bin', 0.00000, '2025-01-30'),
	(175, 6, 'bin', 0.00000, '2025-01-30'),
	(176, 22, 'htx', 938.57000, '2025-01-30'),
	(177, 6, 'htx', 938.57000, '2025-01-30'),
	(178, 24, 'htx', 938.57000, '2025-01-30'),
	(179, 3, 'htx', 266.62000, '2025-01-30'),
	(180, 26, 'htx', 100.03000, '2025-01-30'),
	(181, 27, 'htx', 5.00000, '2025-01-30'),
	(182, 28, 'htx', 6.00000, '2025-01-30'),
	(183, 29, 'htx', 7.00000, '2025-01-30'),
	(184, 30, 'htx', 8.00000, '2025-01-30'),
	(185, 31, 'htx', 9.00000, '2025-01-30'),
	(186, 3, 'bin', 0.00000, '2025-01-31'),
	(187, 6, 'bin', 0.00000, '2025-01-31'),
	(188, 22, 'htx', 940.11000, '2025-01-31'),
	(189, 6, 'htx', 940.22000, '2025-01-31'),
	(190, 24, 'htx', 940.22000, '2025-01-31'),
	(191, 3, 'htx', 265.09000, '2025-01-31'),
	(192, 26, 'htx', 100.03000, '2025-01-31'),
	(193, 27, 'htx', 5.00000, '2025-01-31'),
	(194, 28, 'htx', 6.00000, '2025-01-31'),
	(195, 29, 'htx', 7.00000, '2025-01-31'),
	(196, 30, 'htx', 8.00000, '2025-01-31'),
	(197, 31, 'htx', 9.00000, '2025-01-31'),
	(198, 3, 'bin', 0.00000, '2025-02-01'),
	(199, 6, 'bin', 0.00000, '2025-02-01'),
	(200, 22, 'htx', 931.75000, '2025-02-01'),
	(201, 6, 'htx', 931.75000, '2025-02-01'),
	(202, 24, 'htx', 931.75000, '2025-02-01'),
	(203, 3, 'htx', 257.22000, '2025-02-01'),
	(204, 26, 'htx', 100.03000, '2025-02-01'),
	(205, 27, 'htx', 5.00000, '2025-02-01'),
	(206, 28, 'htx', 6.00000, '2025-02-01'),
	(207, 29, 'htx', 7.00000, '2025-02-01'),
	(208, 30, 'htx', 8.00000, '2025-02-01'),
	(209, 31, 'htx', 9.00000, '2025-02-01'),
	(210, 3, 'bin', 0.00000, '2025-02-02'),
	(211, 6, 'bin', 0.00000, '2025-02-02'),
	(212, 22, 'htx', 929.07000, '2025-02-02'),
	(213, 6, 'htx', 929.07000, '2025-02-02'),
	(214, 24, 'htx', 929.07000, '2025-02-02'),
	(215, 3, 'htx', 241.97000, '2025-02-02'),
	(216, 26, 'htx', 100.03000, '2025-02-02'),
	(217, 27, 'htx', 5.00000, '2025-02-02'),
	(218, 28, 'htx', 6.00000, '2025-02-02'),
	(219, 29, 'htx', 7.00000, '2025-02-02'),
	(220, 30, 'htx', 8.00000, '2025-02-02'),
	(221, 31, 'htx', 9.00000, '2025-02-02'),
	(222, 29, 'htx', 7.00000, '2025-02-03'),
	(223, 30, 'htx', 8.00000, '2025-02-03'),
	(224, 31, 'htx', 9.00000, '2025-02-03'),
	(225, 3, 'bin', 0.00000, '2025-02-03'),
	(226, 6, 'bin', 0.00000, '2025-02-03'),
	(227, 22, 'htx', 986.10000, '2025-02-03'),
	(228, 6, 'htx', 986.10000, '2025-02-03'),
	(229, 24, 'htx', 986.10000, '2025-02-03'),
	(230, 3, 'htx', 229.91000, '2025-02-03'),
	(231, 26, 'htx', 100.03000, '2025-02-03'),
	(232, 27, 'htx', 5.00000, '2025-02-03'),
	(233, 28, 'htx', 6.00000, '2025-02-03'),
	(234, 3, 'bin', 0.00000, '2025-02-04'),
	(235, 6, 'bin', 0.00000, '2025-02-04'),
	(236, 22, 'htx', 992.42000, '2025-02-04'),
	(237, 6, 'htx', 992.42000, '2025-02-04'),
	(238, 24, 'htx', 992.42000, '2025-02-04'),
	(239, 3, 'htx', 232.31000, '2025-02-04'),
	(240, 26, 'htx', 100.03000, '2025-02-04'),
	(241, 27, 'htx', 5.00000, '2025-02-04'),
	(242, 28, 'htx', 6.00000, '2025-02-04'),
	(243, 29, 'htx', 7.00000, '2025-02-04'),
	(244, 30, 'htx', 8.00000, '2025-02-04'),
	(245, 31, 'htx', 9.00000, '2025-02-04'),
	(246, 3, 'bin', 0.00000, '2025-02-05'),
	(247, 6, 'bin', 0.00000, '2025-02-05'),
	(248, 22, 'htx', 974.54000, '2025-02-05'),
	(249, 6, 'htx', 974.54000, '2025-02-05'),
	(250, 24, 'htx', 974.54000, '2025-02-05'),
	(251, 3, 'htx', 200.85000, '2025-02-05'),
	(252, 26, 'htx', 100.03000, '2025-02-05'),
	(253, 27, 'htx', 5.00000, '2025-02-05'),
	(254, 28, 'htx', 6.00000, '2025-02-05'),
	(255, 29, 'htx', 7.00000, '2025-02-05'),
	(256, 30, 'htx', 8.00000, '2025-02-05'),
	(257, 31, 'htx', 9.00000, '2025-02-05'),
	(258, 3, 'bin', 0.00000, '2025-02-06'),
	(259, 6, 'bin', 0.00000, '2025-02-06'),
	(260, 22, 'htx', 955.34000, '2025-02-06'),
	(261, 6, 'htx', 955.34000, '2025-02-06'),
	(262, 24, 'htx', 955.09000, '2025-02-06'),
	(263, 3, 'htx', 199.18000, '2025-02-06'),
	(264, 26, 'htx', 100.03000, '2025-02-06'),
	(265, 27, 'htx', 5.00000, '2025-02-06'),
	(266, 28, 'htx', 6.00000, '2025-02-06'),
	(267, 29, 'htx', 7.00000, '2025-02-06'),
	(268, 30, 'htx', 8.00000, '2025-02-06'),
	(269, 31, 'htx', 9.00000, '2025-02-06'),
	(270, 3, 'bin', 0.00000, '2025-02-07'),
	(271, 6, 'bin', 0.00000, '2025-02-07'),
	(272, 22, 'htx', 934.48000, '2025-02-07'),
	(273, 6, 'htx', 934.38000, '2025-02-07'),
	(274, 24, 'htx', 934.38000, '2025-02-07'),
	(275, 3, 'htx', 199.18000, '2025-02-07'),
	(276, 26, 'htx', 100.03000, '2025-02-07'),
	(277, 27, 'htx', 5.00000, '2025-02-07'),
	(278, 28, 'htx', 6.00000, '2025-02-07'),
	(279, 29, 'htx', 7.00000, '2025-02-07'),
	(280, 30, 'htx', 8.00000, '2025-02-07'),
	(281, 31, 'htx', 9.00000, '2025-02-07');

-- Dumping structure for table ddk_db.tbl_notice
CREATE TABLE IF NOT EXISTS `tbl_notice` (
  `msg_id` int NOT NULL AUTO_INCREMENT,
  `msg_title` varchar(250) DEFAULT NULL COMMENT '알림 제목',
  `msg_content` text COMMENT '알림 내용',
  `msg_type` varchar(50) DEFAULT NULL COMMENT '알림 타입 : all/agent/persion/  |  전체/에이전트/개인',
  `sender` varchar(150) DEFAULT NULL COMMENT '발송자 이름',
  `target` int DEFAULT '0' COMMENT '대상',
  `create_date` varchar(150) DEFAULT NULL COMMENT '전송날자',
  PRIMARY KEY (`msg_id`) USING BTREE
) ENGINE=InnoDB AUTO_INCREMENT=15 DEFAULT CHARSET=utf8mb3;

-- Dumping data for table ddk_db.tbl_notice: ~14 rows (approximately)
DELETE FROM `tbl_notice`;
INSERT INTO `tbl_notice` (`msg_id`, `msg_title`, `msg_content`, `msg_type`, `sender`, `target`, `create_date`) VALUES
	(1, '공지 테스트', '공지 테스트', 'all', 'admin', 0, '2024-03-20 19:33:26'),
	(2, '공지 테스트1', '공지 테스트1', 'persoin', 'admin', 3, '2024-03-20 19:48:11'),
	(3, '전체 공지', '전체 유저에게 보내는 공지', 'all', 'admin', 0, '2024-03-20 10:47:45'),
	(4, '전체 공지2', '전체 유저에게 보내는 공지2', 'all', 'admin', 0, '2024-03-20 11:00:51'),
	(5, '전체 공지2', '전체 유저에게 보내는 공지2', 'all', 'admin', 0, '2024-03-20 11:02:18'),
	(6, '전체 공지3', '전체 공지3', 'all', 'admin', 0, '2024-03-20 11:06:41'),
	(7, '전체 공지4', '전체 공지4', 'all', 'admin', 0, '2024-03-20 11:07:39'),
	(8, '개인공지1', '개인공지11111111111', 'persion', 'admin', 3, '2024-03-20 11:09:31'),
	(9, '에이전트 공지', '에이전트에게 보내는 공지사항', 'agent', 'admin', 0, '2024-03-20 11:10:18'),
	(10, '개인공지2', '개인공지2', 'persion', 'admin', 6, '2024-03-20 11:32:07'),
	(11, '코인 공지1', '개인 코인 공지1', 'persion', 'admin', 6, '2024-03-20 11:32:34'),
	(12, '공지12', '문제 발견, 잠시 대기중', 'persion', 'admin', 14, '2024-03-21 06:15:47'),
	(13, '공지13', '공지 확인1', 'persion', 'admin', 12, '2024-03-21 18:19:13'),
	(14, '공지001', '테이블 수정', 'all', 'admin', 0, '2024-03-24 15:02:29');

-- Dumping structure for table ddk_db.tbl_point_history
CREATE TABLE IF NOT EXISTS `tbl_point_history` (
  `pid` int NOT NULL AUTO_INCREMENT,
  `user_num` bigint NOT NULL DEFAULT '0' COMMENT '유저 유일번호',
  `paid_point` int DEFAULT NULL COMMENT '지급된 포인트수량',
  `payer_name` varchar(150) DEFAULT NULL COMMENT '지급자 이름',
  `create_date` varchar(150) DEFAULT NULL COMMENT '지급일자',
  PRIMARY KEY (`pid`)
) ENGINE=InnoDB AUTO_INCREMENT=10 DEFAULT CHARSET=utf8mb3 COMMENT='포인트 내역 테이블';

-- Dumping data for table ddk_db.tbl_point_history: ~9 rows (approximately)
DELETE FROM `tbl_point_history`;
INSERT INTO `tbl_point_history` (`pid`, `user_num`, `paid_point`, `payer_name`, `create_date`) VALUES
	(1, 7, 100000, 'admin', '2024-03-24 01:44:11'),
	(2, 9, 5000, 'admin', '2024-03-24 02:16:07'),
	(3, 11, 1500, 'admin', '2024-03-24 13:45:51'),
	(4, 16, 8000, 'admin', '2024-03-24 13:46:09'),
	(5, 9, 500, 'admin', '2024-03-24 13:46:20'),
	(6, 9, 2000, 'admin', '2024-03-24 13:46:32'),
	(7, 10, 500, 'admin', '2024-03-24 14:24:01'),
	(8, 15, 1000, 'admin', '2024-03-26 20:51:11'),
	(9, 6, 10000, 'admin', '2024-03-30 12:34:22');

-- Dumping structure for table ddk_db.tbl_profit_friend
CREATE TABLE IF NOT EXISTS `tbl_profit_friend` (
  `fid` bigint NOT NULL AUTO_INCREMENT,
  `user_num` bigint DEFAULT '0' COMMENT '유저 번호',
  `my_profit` double(11,5) DEFAULT '0.00000' COMMENT '나의 수익(에이전트 수익)',
  `friend_num` bigint DEFAULT '0' COMMENT '친구 번호',
  `friend_profit` double(11,5) DEFAULT '0.00000' COMMENT '친구 수익',
  `deduction` double(11,5) DEFAULT '0.00000' COMMENT '공제액',
  `final_amount` double(11,5) DEFAULT '0.00000' COMMENT '최종 금액',
  `market` varchar(50) DEFAULT NULL COMMENT '거래소 이름(bin, htx)',
  `create_date` varchar(150) DEFAULT NULL COMMENT '수익 일자',
  `convert_date` varchar(150) DEFAULT NULL COMMENT '포인트 전환 일자',
  PRIMARY KEY (`fid`)
) ENGINE=InnoDB DEFAULT CHARSET=utf8mb3 COMMENT='친구 수익 테이블';

-- Dumping data for table ddk_db.tbl_profit_friend: ~0 rows (approximately)
DELETE FROM `tbl_profit_friend`;

-- Dumping structure for table ddk_db.tbl_req_settle
CREATE TABLE IF NOT EXISTS `tbl_req_settle` (
  `rid` int NOT NULL AUTO_INCREMENT,
  `user_num` bigint DEFAULT '0' COMMENT '신청 유저번호',
  `settle_point` double(11,2) DEFAULT '0.00' COMMENT '정산 포인트',
  `settle_money` double(11,2) DEFAULT '0.00' COMMENT '정산 금액',
  `method` varchar(50) DEFAULT NULL COMMENT '정산 방법',
  `status` int DEFAULT '0' COMMENT '정산 상태',
  `settle_txid` varchar(250) DEFAULT NULL COMMENT '입금 주소',
  `settle_bank` varchar(150) DEFAULT NULL COMMENT '기관명',
  `create_date` varchar(150) DEFAULT NULL COMMENT '정산 요청 일자',
  `comp_date` varchar(150) DEFAULT NULL COMMENT '정산 완료 일자',
  PRIMARY KEY (`rid`)
) ENGINE=InnoDB DEFAULT CHARSET=utf8mb3 COMMENT='정산요청 테이블';

-- Dumping data for table ddk_db.tbl_req_settle: ~0 rows (approximately)
DELETE FROM `tbl_req_settle`;

-- Dumping structure for table ddk_db.tbl_server
CREATE TABLE IF NOT EXISTS `tbl_server` (
  `sid` int NOT NULL AUTO_INCREMENT,
  `server_name` varchar(150) DEFAULT NULL COMMENT '서버 이름',
  `server_ip` varchar(150) DEFAULT NULL COMMENT '서버 주소',
  `cpu_count` int DEFAULT '0',
  `cpu_size` varchar(150) CHARACTER SET utf8mb3 COLLATE utf8mb3_general_ci DEFAULT '0',
  `cpu_rate` varchar(150) CHARACTER SET utf8mb3 COLLATE utf8mb3_general_ci DEFAULT '0',
  `ram_size` varchar(150) CHARACTER SET utf8mb3 COLLATE utf8mb3_general_ci DEFAULT '0',
  `ram_rate` varchar(150) CHARACTER SET utf8mb3 COLLATE utf8mb3_general_ci DEFAULT '0',
  PRIMARY KEY (`sid`)
) ENGINE=InnoDB AUTO_INCREMENT=4 DEFAULT CHARSET=utf8mb3 COMMENT='서버 테이블';

-- Dumping data for table ddk_db.tbl_server: ~3 rows (approximately)
DELETE FROM `tbl_server`;
INSERT INTO `tbl_server` (`sid`, `server_name`, `server_ip`, `cpu_count`, `cpu_size`, `cpu_rate`, `ram_size`, `ram_rate`) VALUES
	(1, 'watcher1', '13.114.141.159', 1, '2.44', '0', '1.9', '26'),
	(2, 'maker', '54.238.182.166', 1, '2.44', '1', '7.7', '7'),
	(3, 'watcher2', '13.231.202.91', 1, '2.44', '1', '3.8', '54');

-- Dumping structure for table ddk_db.tbl_trade_coin_day
CREATE TABLE IF NOT EXISTS `tbl_trade_coin_day` (
  `cid` bigint NOT NULL AUTO_INCREMENT,
  `user_num` bigint NOT NULL DEFAULT '0' COMMENT '유저 유일번호',
  `market` varchar(50) CHARACTER SET utf8mb3 COLLATE utf8mb3_general_ci NOT NULL COMMENT '거래소 이름(bin, htx)',
  `symbol` varchar(50) NOT NULL COMMENT '거래 코인 명',
  `hold_money` double(20,6) NOT NULL DEFAULT '0.000000' COMMENT '보유금액',
  `real_money` double(10,6) NOT NULL DEFAULT '0.000000' COMMENT '실 수익금액',
  `create_date` varchar(150) CHARACTER SET utf8mb3 COLLATE utf8mb3_general_ci NOT NULL COMMENT '체결 일자',
  PRIMARY KEY (`cid`)
) ENGINE=InnoDB DEFAULT CHARSET=utf8mb3 ROW_FORMAT=DYNAMIC COMMENT='일별 코인 주문수익 테이블';

-- Dumping data for table ddk_db.tbl_trade_coin_day: ~0 rows (approximately)
DELETE FROM `tbl_trade_coin_day`;

-- Dumping structure for table ddk_db.tbl_trade_day
CREATE TABLE IF NOT EXISTS `tbl_trade_day` (
  `tid` bigint NOT NULL AUTO_INCREMENT,
  `user_num` bigint NOT NULL DEFAULT '0' COMMENT '유저 유일번호',
  `market` varchar(50) CHARACTER SET utf8mb3 COLLATE utf8mb3_general_ci NOT NULL COMMENT '거래소 이름(bin, htx)',
  `hold_money` double(20,6) NOT NULL DEFAULT '0.000000' COMMENT '보유금액',
  `profit_money` double(20,6) NOT NULL DEFAULT '0.000000' COMMENT '수익금액',
  `fee_money` double(10,6) NOT NULL DEFAULT '0.000000' COMMENT '앱 수수료 금액',
  `agent_num` bigint NOT NULL DEFAULT '0' COMMENT '에이전트 번호',
  `agent_rate` int NOT NULL DEFAULT '0' COMMENT '에이전트 수수료%',
  `agent_money` double(10,6) NOT NULL DEFAULT '0.000000' COMMENT '에이전트에게 상납할 금액',
  `real_money` double(10,6) NOT NULL DEFAULT '0.000000' COMMENT '실 수익금액',
  `level_discount` int NOT NULL DEFAULT '0' COMMENT '레벨 할인율',
  `create_date` varchar(150) CHARACTER SET utf8mb3 COLLATE utf8mb3_general_ci NOT NULL COMMENT '체결 일자',
  PRIMARY KEY (`tid`)
) ENGINE=InnoDB DEFAULT CHARSET=utf8mb3 ROW_FORMAT=DYNAMIC COMMENT='일별 사용자 주문수익 테이블';

-- Dumping data for table ddk_db.tbl_trade_day: ~0 rows (approximately)
DELETE FROM `tbl_trade_day`;

-- Dumping structure for table ddk_db.tbl_trade_order
CREATE TABLE IF NOT EXISTS `tbl_trade_order` (
  `user_num` bigint NOT NULL DEFAULT '0' COMMENT '유저 유일번호',
  `order_num` varchar(50) NOT NULL COMMENT '주문번호',
  `tp_id` varchar(50) CHARACTER SET utf8mb3 COLLATE utf8mb3_general_ci NOT NULL DEFAULT '',
  `sl_id` varchar(50) CHARACTER SET utf8mb3 COLLATE utf8mb3_general_ci NOT NULL DEFAULT '',
  `side` varchar(50) CHARACTER SET utf8mb3 COLLATE utf8mb3_general_ci NOT NULL DEFAULT 'sell' COMMENT 'B(buy), S(sell)',
  `idx` tinyint NOT NULL DEFAULT '1' COMMENT '매매 차수 번호',
  `coin_num` int NOT NULL DEFAULT '0' COMMENT '주문코인 번호(fix_coins의 coin_id)',
  `symbol` varchar(50) CHARACTER SET utf8mb3 COLLATE utf8mb3_general_ci NOT NULL DEFAULT '' COMMENT '주문코인 이름',
  `market` varchar(50) CHARACTER SET utf8mb3 COLLATE utf8mb3_general_ci NOT NULL DEFAULT 'bin' COMMENT '거래소 이름(bin, htx)',
  `leverage` int NOT NULL DEFAULT '0' COMMENT '레버리지',
  `bet_limit` int NOT NULL DEFAULT '200' COMMENT '1회 최대 거래금액',
  `rate_rev` float NOT NULL DEFAULT '0.6' COMMENT '거래 당 수익 범위',
  `rate_liq` float NOT NULL DEFAULT '3.5' COMMENT '거래 당 청산 범위',
  `live_status` tinyint NOT NULL DEFAULT '0' COMMENT '주문실행상태(0 : close, 1 : live, 2 : l-stop, 3 : s-break, 4 : l-stop and s-break)',
  `order_position` tinyint NOT NULL DEFAULT '0' COMMENT '주문체결상태(0 : 미체결, 1 : 체결, 2: 청산)',
  `hold_money` double(20,6) NOT NULL DEFAULT '0.000000' COMMENT '보유금액',
  `order_volume` double(20,6) NOT NULL DEFAULT '0.000000' COMMENT '주문수량',
  `order_money` double(20,6) NOT NULL DEFAULT '0.000000' COMMENT '주문금액',
  `order_price` double(20,6) NOT NULL DEFAULT '0.000000' COMMENT '주문가격',
  `tp_price` double(20,6) NOT NULL DEFAULT '0.000000' COMMENT '수익가격',
  `sl_price` double(20,6) NOT NULL DEFAULT '0.000000' COMMENT '손해가격',
  `tp_trigger_price` double(20,6) NOT NULL DEFAULT '0.000000' COMMENT '수익 트리거 가격',
  `sl_trigger_price` double(20,6) NOT NULL DEFAULT '0.000000' COMMENT '손해 트리거 가격',
  `make_money` varchar(50) CHARACTER SET utf8mb3 COLLATE utf8mb3_general_ci NOT NULL DEFAULT '0' COMMENT '체결금액',
  `make_price` varchar(50) CHARACTER SET utf8mb3 COLLATE utf8mb3_general_ci NOT NULL DEFAULT '0' COMMENT '체결가격',
  `profit_money` varchar(50) CHARACTER SET utf8mb3 COLLATE utf8mb3_general_ci NOT NULL DEFAULT '0' COMMENT '수익금액',
  `fee_rate` int NOT NULL DEFAULT '0' COMMENT '앱 수수료%',
  `fee_money` varchar(50) CHARACTER SET utf8mb3 COLLATE utf8mb3_general_ci NOT NULL DEFAULT '0' COMMENT '앱 수수료 금액',
  `coupon` int NOT NULL DEFAULT '0' COMMENT '쿠폰잔액',
  `order_date` varchar(150) CHARACTER SET utf8mb3 COLLATE utf8mb3_general_ci NOT NULL DEFAULT '' COMMENT '주문 오픈 일자',
  `pos_date` varchar(150) CHARACTER SET utf8mb3 COLLATE utf8mb3_general_ci NOT NULL DEFAULT '' COMMENT '주문 체결 일자',
  `make_date` varchar(150) CHARACTER SET utf8mb3 COLLATE utf8mb3_general_ci NOT NULL DEFAULT '' COMMENT '청산 완료 일자',
  UNIQUE KEY `order_num` (`order_num`)
) ENGINE=InnoDB DEFAULT CHARSET=utf8mb3 COMMENT='코인별 거래 주문 내역 테이블';

-- Dumping data for table ddk_db.tbl_trade_order: ~165 rows (approximately)
DELETE FROM `tbl_trade_order`;
INSERT INTO `tbl_trade_order` (`user_num`, `order_num`, `tp_id`, `sl_id`, `side`, `idx`, `coin_num`, `symbol`, `market`, `leverage`, `bet_limit`, `rate_rev`, `rate_liq`, `live_status`, `order_position`, `hold_money`, `order_volume`, `order_money`, `order_price`, `tp_price`, `sl_price`, `tp_trigger_price`, `sl_trigger_price`, `make_money`, `make_price`, `profit_money`, `fee_rate`, `fee_money`, `coupon`, `order_date`, `pos_date`, `make_date`) VALUES
	(22, '1333523471895199744', '1333542018863390721', '1333542018863390721', 'sell', 0, 32, 'XMRUSDT', 'htx', 10, 100, 5, 1.5, 0, 2, 995.559214, 28.000000, 59.189200, 211.390000, 202.410000, 214.560000, 0.000000, 0.000000, '58.330169', '214.6', '-0.859031', 0, '-0.0295946', 0, '2025-01-27 19:46:11', '2025-01-27 19:46:12', '2025-01-27 20:59:53'),
	(22, '1333526917857349633', '1333540079400230912', '1333540079400230912', 'sell', 0, 24, 'XLMUSDT', 'htx', 10, 100, 5, 1.5, 0, 2, 995.559214, 16.000000, 60.124800, 0.375780, 0.359800, 0.381400, 0.000000, 0.000000, '59.104326', '0.38228', '-1.020474', 0, '-0.0300624', 0, '2025-01-27 19:59:52', '2025-01-27 19:59:54', '2025-01-27 20:52:10'),
	(22, '1333534344910426113', '1333537880796987393', '1333537880796987393', 'sell', 0, 43, 'WOOUSDT', 'htx', 10, 100, 5, 1.5, 0, 2, 995.559214, 40.000000, 60.643400, 0.151608, 0.145170, 0.153880, 0.000000, 0.000000, '59.576185', '0.15439', '-1.067215', 0, '-0.0303217', 0, '2025-01-27 20:29:23', '2025-01-27 20:29:24', '2025-01-27 20:43:26'),
	(22, '1333544938849517568', '1333560843579219969', '1333560843579219969', 'buy', 0, 32, 'XMRUSDT', 'htx', 10, 100, 5, 1.5, 0, 2, 995.559214, 28.000000, 60.505200, 216.090000, 225.270000, 212.850000, 0.000000, 0.000000, '59.611669', '212.82', '-0.893531', 0, '-0.0302526', 0, '2025-01-27 21:11:29', '2025-01-27 21:11:30', '2025-01-27 22:14:41'),
	(22, '1333578467139284992', '1333597215608061952', '1333597215608061952', 'buy', 0, 29, 'ALGOUSDT', 'htx', 10, 100, 5, 1.5, 1, 2, 1002.878574, 16.000000, 60.265600, 0.376660, 0.392670, 0.371010, 0.000000, 0.000000, '59.385494', '0.37044', '-0.880106', 0, '-0.0301328', 0, '2025-01-27 23:24:43', '2025-01-27 23:24:44', '2025-01-28 00:39:13'),
	(22, '1333581264166326272', '1333597093248307200', '1333597093248307200', 'buy', 0, 22, 'ATOMUSDT', 'htx', 10, 100, 5, 1.5, 1, 2, 1002.878574, 10.000000, 58.785000, 5.878500, 6.128300, 5.790300, 0.000000, 0.000000, '57.781583', '5.77', '-1.003417', 0, '-0.0293925', 0, '2025-01-27 23:35:50', '2025-01-27 23:35:51', '2025-01-28 00:38:44'),
	(22, '1333596713083568129', '1333658809589534720', '1333658809589534720', 'sell', 0, 36, 'ARBUSDT', 'htx', 10, 100, 5, 1.5, 1, 2, 1002.878574, 95.000000, 59.660000, 0.628000, 0.601300, 0.637400, 0.000000, 0.000000, '58.80622399999999', '0.6379', '-0.853776', 0, '-0.02983', 0, '2025-01-28 00:37:13', '2025-01-28 00:37:14', '2025-01-28 04:43:58'),
	(22, '1333597037258850304', '1333656994730819585', '1333656994730819585', 'sell', 0, 10, 'ADAUSDT', 'htx', 10, 100, 5, 1.5, 1, 2, 1002.878574, 7.000000, 63.649180, 0.909274, 0.870630, 0.922913, 0.000000, 0.000000, '62.731506', '0.923465', '-0.917674', 0, '-0.03182459', 0, '2025-01-28 00:38:30', '2025-01-28 00:38:31', '2025-01-28 04:36:45'),
	(22, '1333597348934930432', '1333656010363523072', '1333656010363523072', 'sell', 0, 27, '1INCHUSDT', 'htx', 10, 100, 5, 1.5, 1, 2, 1002.878574, 201.000000, 60.099000, 0.299000, 0.286300, 0.303500, 0.000000, 0.000000, '59.215191', '0.3036', '-0.883809', 0, '-0.0300495', 0, '2025-01-28 00:39:44', '2025-01-28 00:39:46', '2025-01-28 04:32:51'),
	(22, '1333599679072796672', '1333607719418957826', '1333607719418957826', 'buy', 0, 23, 'AAVEUSDT', 'htx', 10, 100, 5, 1.5, 1, 2, 1002.878574, 2.000000, 61.223600, 306.118000, 319.128000, 301.526000, 0.000000, 0.000000, '60.533881', '301.213', '-0.689719', 0, '-0.0306118', 0, '2025-01-28 00:49:00', '2025-01-28 00:49:01', '2025-01-28 01:20:57'),
	(22, '1333600867419582464', '1333655917598543872', '1333655917598543872', 'sell', 0, 22, 'ATOMUSDT', 'htx', 10, 100, 5, 1.5, 1, 2, 1002.878574, 10.000000, 57.446000, 5.744600, 5.500500, 5.830800, 0.000000, 0.000000, '56.491597999999996', '5.8437', '-0.954402', 0, '-0.028723', 0, '2025-01-28 00:53:43', '2025-01-28 00:53:44', '2025-01-28 04:32:28'),
	(22, '1333604639008460800', '1333653963872505857', '1333653963872505857', 'sell', 0, 29, 'ALGOUSDT', 'htx', 10, 100, 5, 1.5, 1, 2, 1002.878574, 16.000000, 58.804800, 0.367530, 0.351910, 0.373040, 0.000000, 0.000000, '58.009255', '0.37309', '-0.795545', 0, '-0.0294024', 0, '2025-01-28 01:08:43', '2025-01-28 01:08:44', '2025-01-28 04:24:43'),
	(22, '1333614979232321537', '1333659623255154689', '1333659623255154689', 'sell', 0, 23, 'AAVEUSDT', 'htx', 10, 100, 5, 1.5, 1, 2, 1002.878574, 2.000000, 59.622600, 298.113000, 285.443000, 302.585000, 0.000000, 0.000000, '58.671438', '303.072', '-0.951162', 0, '-0.0298113', 0, '2025-01-28 01:49:48', '2025-01-28 01:49:49', '2025-01-28 04:47:12'),
	(22, '1333659471463137280', '1333994151639093249', '1333994151639093249', 'buy', 0, 27, '1INCHUSDT', 'htx', 10, 100, 5, 1.5, 0, 2, 1002.878574, 196.000000, 59.976000, 0.306000, 0.319000, 0.301400, 0.000000, 0.000000, '59.092846', '0.3011', '-0.883154', 0, '-0.029988', 0, '2025-01-28 04:46:36', '2025-01-28 04:46:37', '2025-01-29 02:56:30'),
	(22, '1333659574929076224', '1334034860184223744', '1334034860184223744', 'buy', 0, 10, 'ADAUSDT', 'htx', 10, 100, 5, 1.5, 0, 2, 1002.878574, 6.000000, 55.848720, 0.930812, 0.970372, 0.916850, 0.000000, 0.000000, '55.052134', '0.9164', '-0.796586', 0, '-0.02792436', 0, '2025-01-28 04:47:00', '2025-01-28 04:47:01', '2025-01-29 05:38:15'),
	(22, '1333791196575838209', '1333962962723250178', '1333962962723250178', 'buy', 1, 10, 'ADAUSDT', 'htx', 10, 100, 5, 1.5, 0, 2, 999.473881, 5.000000, 47.774450, 0.955489, 1.005652, 0.941157, 0.000000, 0.000000, '46.986772', '0.939523', '-0.787678', 0, '-0.023887225', 0, '2025-01-28 13:30:01', '2025-01-28 13:30:03', '2025-01-29 00:52:34'),
	(22, '1333996267549904896', '1334134868416561152', '1334134868416561152', 'sell', 1, 23, 'AAVEUSDT', 'htx', 10, 100, 5, 1.5, 0, 2, 1003.794818, 2.000000, 57.677200, 288.386000, 273.246000, 292.712000, 0.000000, 0.000000, '56.784425', '292.858', '-0.892775', 0, '-0.0288386', 0, '2025-01-29 03:04:54', '2025-01-29 03:04:55', '2025-01-29 12:15:39'),
	(22, '1333997595993735168', '1334174096459874307', '1334174096459874307', 'sell', 0, 27, '1INCHUSDT', 'htx', 10, 100, 5, 1.5, 0, 2, 994.937835, 200.000000, 60.080000, 0.300400, 0.287600, 0.304900, 0.000000, 0.000000, '59.05898', '0.3052', '-1.02102', 0, '-0.03004', 0, '2025-01-29 03:10:11', '2025-01-29 03:10:12', '2025-01-29 14:51:32'),
	(22, '1334021838613090304', '1334167083020550144', '1334167083020550144', 'sell', 0, 22, 'ATOMUSDT', 'htx', 10, 100, 5, 1.5, 0, 2, 994.893475, 10.000000, 57.839000, 5.783900, 5.538100, 5.870700, 0.000000, 0.000000, '56.998712', '5.8729', '-0.840288', 0, '-0.0289195', 0, '2025-01-29 04:46:31', '2025-01-29 04:46:32', '2025-01-29 14:23:40'),
	(22, '1334022431524360192', '1334171010439946240', '1334171010439946240', 'sell', 1, 36, 'ARBUSDT', 'htx', 10, 100, 5, 1.5, 0, 2, 1004.051838, 82.000000, 49.806800, 0.607400, 0.575500, 0.616500, 0.000000, 0.000000, '49.102296', '0.6166', '-0.704504', 0, '-0.0249034', 0, '2025-01-29 04:48:52', '2025-01-29 04:48:53', '2025-01-29 14:39:16'),
	(22, '1334082547234471936', '1334273603321888768', '1334273603321888768', 'buy', 0, 10, 'ADAUSDT', 'htx', 10, 100, 5, 1.5, 0, 2, 979.736337, 6.000000, 55.531440, 0.925524, 0.964859, 0.911641, 0.000000, 0.000000, '54.797940000000004', '0.913299', '-0.7335', 0, '-0.02776572', 0, '2025-01-29 08:47:45', '2025-01-29 08:47:46', '2025-01-29 21:26:57'),
	(22, '1334280825767297025', '1334285384142049280', '1334285384142049280', 'sell', 0, 26, 'GRTUSDT', 'htx', 20, 100, 5, 1.6, 0, 2, 965.740990, 36.000000, 59.702400, 0.165840, 0.159620, 0.168490, 0.000000, 0.000000, '59.4432', '0.16656', '-0.2592', 0, '-0.0298512', 0, '2025-01-29 21:55:38', '2025-01-29 21:55:39', '2025-01-29 22:13:46'),
	(22, '1334280830144974849', '1334285393061056512', '1334285393061056512', 'sell', 0, 5, 'ICPUSDT', 'htx', 20, 100, 5, 1.6, 0, 2, 965.740990, 71.000000, 60.090900, 8.463507, 8.146000, 8.599000, 0.000000, 0.000000, '59.7249', '8.515', '-0.366', 0, '-0.03004545', 0, '2025-01-29 21:55:39', '2025-01-29 21:55:40', '2025-01-29 22:13:48'),
	(22, '1334280954518757378', '1334285395775815681', '1334285395775815681', 'sell', 0, 21, 'KSMUSDT', 'htx', 20, 100, 5, 1.6, 0, 2, 965.740990, 25.000000, 60.120000, 24.048000, 23.146000, 24.433000, 0.000000, 0.000000, '59.845', '24.158', '-0.275', 0, '-0.03006', 0, '2025-01-29 21:56:09', '2025-01-29 21:56:10', '2025-01-29 22:13:49'),
	(22, '1334291407293059073', '1334336264936239104', '1334336264936239104', 'sell', 0, 25, 'SUSHIUSDT', 'htx', 20, 100, 5, 1.6, 0, 2, 964.582788, 51.000000, 59.991300, 1.176300, 1.132200, 1.195100, 0.000000, 0.000000, '59.023534000000005', '1.1968', '-0.967766', 0, '-0.02999565', 0, '2025-01-29 22:37:41', '2025-01-29 22:37:42', '2025-01-30 01:35:56'),
	(22, '1334291622531481601', '1334298656378290176', '1334298656378290176', 'sell', 0, 17, 'SNXUSDT', 'htx', 20, 100, 5, 1.6, 1, 2, 964.582788, 41.000000, 60.114200, 1.466200, 1.411200, 1.489700, 0.000000, 0.000000, '59.159616', '1.4906', '-0.954584', 0, '-0.0300571', 0, '2025-01-29 22:38:32', '2025-01-29 22:38:33', '2025-01-29 23:06:29'),
	(22, '1334291695398817792', '1334298930447388673', '1334298930447388673', 'sell', 0, 41, 'NEARUSDT', 'htx', 20, 100, 5, 1.6, 0, 2, 964.582788, 14.000000, 61.110000, 4.365000, 4.201000, 4.435000, 0.000000, 0.000000, '60.04478', '4.436', '-1.06522', 0, '-0.030555', 0, '2025-01-29 22:38:50', '2025-01-29 22:38:51', '2025-01-29 23:07:35'),
	(22, '1334299272149254145', '1334360110450065408', '1334360110450065408', 'buy', 0, 39, 'SANDUSDT', 'htx', 20, 100, 5, 1.6, 0, 2, 964.582788, 12.000000, 61.220520, 0.510171, 0.529302, 0.502008, 0.000000, 0.000000, '60.150793', '0.501122', '-1.069727', 0, '-0.03061026', 0, '2025-01-29 23:08:56', '2025-01-29 23:08:57', '2025-01-30 03:10:41'),
	(22, '1334299835815907329', '1334313865541419009', '1334313865541419009', 'buy', 0, 38, 'MKRUSDT', 'htx', 20, 100, 5, 1.6, 0, 2, 964.582788, 53.000000, 59.757500, 1127.500000, 1169.800000, 1109.500000, 0.000000, 0.000000, '58.818817', '1109.1', '-0.938683', 0, '-0.02987875', 0, '2025-01-29 23:11:10', '2025-01-29 23:11:12', '2025-01-30 00:06:55'),
	(22, '1334306540288843776', '1334309768094007296', '1334309768094007296', 'sell', 0, 41, 'NEARUSDT', 'htx', 20, 100, 5, 1.6, 0, 2, 961.635921, 14.000000, 61.474000, 4.391000, 4.226000, 4.461000, 0.000000, 0.000000, '61.306', '4.403', '-0.168', 0, '-0.030737', 0, '2025-01-29 23:37:49', '2025-01-29 23:37:50', '2025-01-29 23:50:40'),
	(22, '1334313477308829697', '1334337170775314433', '1334337170775314433', 'sell', 0, 15, 'UNIUSDT', 'htx', 20, 100, 5, 1.6, 0, 2, 959.625483, 5.000000, 58.155500, 11.631100, 11.194900, 11.817200, 0.000000, 0.000000, '57.225576000000004', '11.8244', '-0.929924', 0, '-0.02907775', 0, '2025-01-30 00:05:23', '2025-01-30 00:05:24', '2025-01-30 01:39:32'),
	(22, '1334313647216050176', '1334335906130325504', '1334335906130325504', 'sell', 0, 20, 'THETAUSDT', 'htx', 20, 100, 5, 1.6, 0, 2, 964.582788, 3.000000, 55.020000, 1.834000, 1.765230, 1.863340, 0.000000, 0.000000, '54.145344', '1.8641', '-0.874656', 0, '-0.02751', 0, '2025-01-30 00:06:03', '2025-01-30 00:06:04', '2025-01-30 01:34:30'),
	(22, '1334313954867032064', '1334336037556523010', '1334336037556523010', 'sell', 0, 17, 'SNXUSDT', 'htx', 20, 100, 5, 1.6, 0, 2, 961.528761, 40.000000, 59.236000, 1.480900, 1.425400, 1.504600, 0.000000, 0.000000, '58.257058', '1.507', '-0.978942', 0, '-0.029618', 0, '2025-01-30 00:07:17', '2025-01-30 00:07:18', '2025-01-30 01:35:02'),
	(22, '1334335919401086976', '1334362066582478848', '1334362066582478848', 'buy', 0, 20, 'THETAUSDT', 'htx', 20, 100, 5, 1.6, 0, 2, 964.582788, 3.000000, 56.015400, 1.867180, 1.937200, 1.837310, 0.000000, 0.000000, '55.102705', '1.83415', '-0.912695', 0, '-0.0280077', 0, '2025-01-30 01:34:33', '2025-01-30 01:34:35', '2025-01-30 03:18:27'),
	(22, '1334336177793077248', '1334343324779495425', '1334343324779495425', 'buy', 0, 25, 'SUSHIUSDT', 'htx', 20, 100, 5, 1.6, 0, 2, 964.582788, 50.000000, 59.840000, 1.196800, 1.241700, 1.177700, 0.000000, 0.000000, '58.85', '1.177', '-0.99', 0, '-0.02992', 0, '2025-01-30 01:35:35', '2025-01-30 01:35:36', '2025-01-30 02:03:59'),
	(22, '1334337096057700352', '1334342846327455744', '1334342846327455744', 'buy', 0, 15, 'UNIUSDT', 'htx', 20, 100, 5, 1.6, 0, 2, 959.625483, 5.000000, 59.122000, 11.824400, 12.267800, 11.635200, 0.000000, 0.000000, '58.14764', '11.6312', '-0.97436', 0, '-0.029561', 0, '2025-01-30 01:39:14', '2025-01-30 01:39:15', '2025-01-30 02:02:05'),
	(22, '1334341647414411265', '1334356759374520321', '1334356759374520321', 'sell', 0, 25, 'SUSHIUSDT', 'htx', 20, 100, 5, 1.6, 0, 2, 956.712698, 51.000000, 60.450300, 1.185300, 1.140900, 1.204300, 0.000000, 0.000000, '59.462399999999995', '1.2065', '-0.9879', 0, '-0.03022515', 0, '2025-01-30 01:57:19', '2025-01-30 01:57:20', '2025-01-30 02:57:22'),
	(22, '1334342075208253440', '1334367907834712066', '1334367907834712066', 'sell', 0, 15, 'UNIUSDT', 'htx', 20, 100, 5, 1.6, 0, 2, 956.529058, 5.000000, 58.366000, 11.673200, 11.235500, 11.860000, 0.000000, 0.000000, '57.168262', '11.9253', '-1.197738', 0, '-0.029183', 0, '2025-01-30 01:59:01', '2025-01-30 01:59:02', '2025-01-30 03:41:40'),
	(22, '1334342245203546112', '1334356539174170624', '1334356539174170624', 'sell', 0, 20, 'THETAUSDT', 'htx', 20, 100, 5, 1.6, 0, 2, 956.896879, 3.000000, 55.679100, 1.855970, 1.786370, 1.885670, 0.000000, 0.000000, '54.683228', '1.88884', '-0.995872', 0, '-0.02783955', 0, '2025-01-30 01:59:42', '2025-01-30 01:59:43', '2025-01-30 02:56:30'),
	(22, '1334343244848795649', '1334355840264015872', '1334355840264015872', 'sell', 0, 17, 'SNXUSDT', 'htx', 20, 100, 5, 1.6, 0, 2, 956.654219, 40.000000, 59.696000, 1.492400, 1.436400, 1.516300, 0.000000, 0.000000, '58.817471999999995', '1.5169', '-0.878528', 0, '-0.029848', 0, '2025-01-30 02:03:40', '2025-01-30 02:03:41', '2025-01-30 02:53:43'),
	(22, '1334349953807568896', '1334359944291569665', '1334359944291569665', 'buy', 0, 25, 'SUSHIUSDT', 'htx', 20, 100, 5, 1.6, 0, 2, 954.313453, 51.000000, 60.511500, 1.186500, 1.231000, 1.167500, 0.000000, 0.000000, '59.44569', '1.1657', '-1.06581', 0, '-0.03025575', 0, '2025-01-30 02:30:19', '2025-01-30 02:30:21', '2025-01-30 03:10:01'),
	(22, '1334350154252300288', '1334360434370678784', '1334360434370678784', 'buy', 0, 15, 'UNIUSDT', 'htx', 20, 100, 5, 1.6, 0, 2, 954.416313, 5.000000, 58.377500, 11.675500, 12.113300, 11.488700, 0.000000, 0.000000, '57.439105999999995', '11.483', '-0.938394', 0, '-0.02918875', 0, '2025-01-30 02:31:07', '2025-01-30 02:31:08', '2025-01-30 03:11:58'),
	(22, '1334356703007182848', '1334358250620174336', '1334358250620174336', 'buy', 1, 17, 'SNXUSDT', 'htx', 20, 100, 5, 1.6, 0, 2, 956.050318, 33.000000, 50.410800, 1.527600, 1.596300, 1.503200, 0.000000, 0.000000, '49.516383000000005', '1.5003', '-0.894417', 0, '-0.0252054', 0, '2025-01-30 02:57:09', '2025-01-30 02:57:10', '2025-01-30 03:03:18'),
	(22, '1334358109556199424', '1334367760470491137', '1334367760470491137', 'sell', 0, 20, 'THETAUSDT', 'htx', 20, 100, 5, 1.6, 0, 2, 953.356264, 3.000000, 56.019000, 1.867300, 1.797280, 1.897180, 0.000000, 0.000000, '55.269247', '1.89973', '-0.749753', 0, '-0.0280095', 0, '2025-01-30 03:02:44', '2025-01-30 03:02:45', '2025-01-30 03:41:05'),
	(22, '1334358190762954754', '1334367703354281985', '1334367703354281985', 'sell', 0, 25, 'SUSHIUSDT', 'htx', 20, 100, 5, 1.6, 0, 2, 952.306824, 51.000000, 60.287100, 1.182100, 1.137800, 1.201000, 0.000000, 0.000000, '58.921571', '1.21', '-1.365529', 0, '-0.03014355', 0, '2025-01-30 03:03:03', '2025-01-30 03:03:04', '2025-01-30 03:40:51'),
	(22, '1334358224941662208', '1334367649419448322', '1334367649419448322', 'sell', 0, 17, 'SNXUSDT', 'htx', 20, 100, 5, 1.6, 0, 2, 952.113724, 40.000000, 60.012000, 1.500300, 1.444000, 1.524300, 0.000000, 0.000000, '58.958598', '1.5304', '-1.053402', 0, '-0.030006', 0, '2025-01-30 03:03:11', '2025-01-30 03:03:13', '2025-01-30 03:40:39'),
	(22, '1334359845708689408', '1334367584045174785', '1334367584045174785', 'sell', 0, 39, 'SANDUSDT', 'htx', 20, 100, 5, 1.6, 0, 2, 964.582788, 12.000000, 60.198960, 0.501658, 0.482846, 0.509685, 0.000000, 0.000000, '58.770557', '0.513848', '-1.428403', 0, '-0.03009948', 0, '2025-01-30 03:09:38', '2025-01-30 03:09:39', '2025-01-30 03:40:23'),
	(22, '1334361162125348864', '1334363967978631168', '1334363967978631168', 'buy', 0, 25, 'SUSHIUSDT', 'htx', 20, 100, 5, 1.6, 0, 2, 949.286209, 51.000000, 59.960700, 1.175700, 1.219800, 1.156900, 0.000000, 0.000000, '59.004886000000006', '1.1544', '-0.955814', 0, '-0.02998035', 0, '2025-01-30 03:14:52', '2025-01-30 03:14:53', '2025-01-30 03:26:01'),
	(22, '1334367692525670400', '1334376991067934721', '1334376991067934721', 'buy', 0, 38, 'MKRUSDT', 'htx', 20, 100, 5, 1.6, 0, 2, 959.190857, 54.000000, 60.377400, 1118.100000, 1160.000000, 1100.200000, 0.000000, 0.000000, '59.495781', '1100.0', '-0.881619', 0, '-0.0301887', 0, '2025-01-30 03:40:49', '2025-01-30 03:40:50', '2025-01-30 04:17:46'),
	(22, '1334372825191034880', '1334378852285345792', '1334378852285345792', 'sell', 0, 15, 'UNIUSDT', 'htx', 20, 100, 5, 1.6, 0, 2, 942.072491, 5.000000, 58.553000, 11.710600, 11.271500, 11.898000, 0.000000, 0.000000, '57.518491', '11.9174', '-1.034509', 0, '-0.0292765', 0, '2025-01-30 04:01:12', '2025-01-30 04:01:14', '2025-01-30 04:25:09'),
	(22, '1334376980804780032', '1334378150989017090', '1334378150989017090', 'sell', 0, 20, 'THETAUSDT', 'htx', 20, 100, 5, 1.6, 0, 2, 941.497191, 3.000000, 56.493000, 1.883100, 1.812480, 1.913230, 0.000000, 0.000000, '55.594767000000004', '1.91361', '-0.898233', 0, '-0.0282465', 0, '2025-01-30 04:17:43', '2025-01-30 04:17:44', '2025-01-30 04:22:22'),
	(22, '1334378762477703168', '1334428905296461824', '1334428905296461824', 'buy', 0, 38, 'MKRUSDT', 'htx', 20, 100, 5, 1.6, 0, 2, 939.930512, 54.000000, 60.355800, 1117.700000, 1159.600000, 1099.800000, 0.000000, 0.000000, '59.425752', '1099.0', '-0.930048', 0, '-0.0301779', 0, '2025-01-30 04:24:48', '2025-01-30 04:24:49', '2025-01-30 07:44:03'),
	(22, '1334442606003752960', '1334481498627657729', '1334481498627657729', 'buy', 0, 7, 'LINKUSDT', 'htx', 20, 100, 5, 1.6, 0, 2, 934.872351, 25.000000, 59.073500, 23.629400, 24.574600, 23.251300, 0.000000, 0.000000, '60.3325', '24.133', '1.259', 0, '-0.02953675', 0, '2025-01-30 08:38:29', '2025-01-30 08:38:31', '2025-01-30 11:13:03'),
	(22, '1334444593277571076', '1334481493000953856', '1334481493000953856', 'buy', 0, 3, 'LTCUSDT', 'htx', 20, 100, 5, 1.6, 0, 2, 934.872351, 5.000000, 57.720000, 115.440000, 120.060000, 113.590000, 0.000000, 0.000000, '60.53', '121.07', '2.81', 0, '-0.02886', 0, '2025-01-30 08:46:23', '2025-01-30 08:46:24', '2025-01-30 11:13:03'),
	(22, '1334444942713425920', '1334481461518352384', '1334481461518352384', 'buy', 0, 4, 'DOGEUSDT', 'htx', 20, 100, 5, 1.6, 0, 2, 934.872351, 2.000000, 65.111000, 0.325555, 0.338577, 0.320346, 0.000000, 0.000000, '66.2514', '0.331257', '1.1404', 0, '-0.0325555', 0, '2025-01-30 08:47:47', '2025-01-30 08:47:48', '2025-01-30 11:12:54'),
	(22, '1334445057334673408', '1334481467109642240', '1334481467109642240', 'buy', 0, 50, 'DYDXUSDT', 'htx', 20, 100, 5, 1.6, 0, 2, 934.872351, 590.000000, 60.121000, 1.019000, 1.060000, 1.003000, 0.000000, 0.000000, '61.301', '1.039', '1.18', 0, '-0.0300605', 0, '2025-01-30 08:48:14', '2025-01-30 08:48:15', '2025-01-30 11:12:56'),
	(22, '1334445229804453888', '1334481496972959744', '1334481496972959744', 'buy', 0, 42, 'MANAUSDT', 'htx', 20, 100, 5, 1.6, 0, 2, 934.872351, 14.000000, 60.088000, 0.429200, 0.446400, 0.422300, 0.000000, 0.000000, '61.362', '0.4383', '1.274', 0, '-0.030044', 0, '2025-01-30 08:48:55', '2025-01-30 08:48:56', '2025-01-30 11:13:03'),
	(22, '1334445450969436160', '1334481479054761984', '1334481479054761984', 'buy', 0, 47, 'LRCUSDT', 'htx', 20, 100, 5, 1.6, 0, 2, 934.872351, 37.000000, 59.443200, 0.160657, 0.167080, 0.158090, 0.000000, 0.000000, '60.802099999999996', '0.16433', '1.3589', 0, '-0.0297216', 0, '2025-01-30 08:49:48', '2025-01-30 08:49:49', '2025-01-30 11:12:59'),
	(22, '1334454219568795648', '1334481493000953856', '1334481493000953856', 'buy', 1, 3, 'LTCUSDT', 'htx', 20, 100, 5, 1.6, 0, 2, 936.937423, 4.000000, 47.608000, 119.020000, 124.380000, 117.120000, 0.000000, 0.000000, '48.428', '121.07', '0.82', 0, '-0.023804', 0, '2025-01-30 09:24:38', '2025-01-30 09:24:39', '2025-01-30 11:13:02'),
	(22, '1334488912176754688', '1334493516917329920', '1334493516917329920', 'sell', 0, 28, 'CRVUSDT', 'htx', 20, 100, 5, 1.6, 0, 2, 944.232099, 83.000000, 59.992400, 0.722800, 0.693900, 0.734400, 0.000000, 0.000000, '59.021837000000005', '0.7349', '-0.970563', 0, '-0.0299962', 0, '2025-01-30 11:42:30', '2025-01-30 11:42:31', '2025-01-30 12:00:48'),
	(22, '1334491460462870528', '1334548883552800768', '1334548883552800768', 'buy', 0, 8, 'FTTUSDT', 'htx', 20, 100, 5, 1.6, 0, 2, 944.232099, 29.000000, 60.610000, 2.090000, 2.174000, 2.057000, 0.000000, 0.000000, '60.059', '2.071', '-0.551', 0, '-0.030305', 0, '2025-01-30 11:52:37', '2025-01-30 11:52:38', '2025-01-30 15:40:49'),
	(22, '1334491961288392707', '1334548851578785792', '1334548851578785792', 'buy', 0, 48, 'YGGUSDT', 'htx', 20, 100, 5, 1.6, 0, 2, 944.232099, 185.000000, 59.940000, 0.324000, 0.337000, 0.318800, 0.000000, 0.000000, '59.089', '0.3194', '-0.851', 0, '-0.02997', 0, '2025-01-30 11:54:37', '2025-01-30 11:54:38', '2025-01-30 15:40:41'),
	(22, '1334493413258928128', '1334548869717643264', '1334548869717643264', 'buy', 0, 20, 'THETAUSDT', 'htx', 20, 100, 5, 1.6, 0, 2, 944.232099, 3.000000, 59.220600, 1.974020, 2.052980, 1.942440, 0.000000, 0.000000, '59.183099999999996', '1.97277', '-0.0375', 0, '-0.0296103', 0, '2025-01-30 12:00:23', '2025-01-30 12:00:24', '2025-01-30 15:40:46'),
	(22, '1334493532358905857', '1334548866763001856', '1334548866763001856', 'buy', 0, 43, 'WOOUSDT', 'htx', 20, 100, 5, 1.6, 0, 2, 944.232099, 37.000000, 59.445100, 0.160662, 0.167090, 0.158090, 0.000000, 0.000000, '58.5562', '0.15826', '-0.8889', 0, '-0.02972255', 0, '2025-01-30 12:00:51', '2025-01-30 12:00:52', '2025-01-30 15:40:45'),
	(22, '1334494965408083968', '1334519791392555008', '1334519791392555008', 'sell', 0, 28, 'CRVUSDT', 'htx', 20, 100, 5, 1.6, 0, 2, 943.140468, 82.000000, 59.655000, 0.727500, 0.698400, 0.739100, 0.000000, 0.000000, '58.778804', '0.7392', '-0.876196', 0, '-0.0298275', 0, '2025-01-30 12:06:33', '2025-01-30 12:06:34', '2025-01-30 13:45:12'),
	(22, '1334542139882614786', '1334548889659707392', '1334548889659707392', 'sell', 0, 28, 'CRVUSDT', 'htx', 20, 100, 5, 1.6, 0, 2, 939.933416, 82.000000, 59.868200, 0.730100, 0.700900, 0.741800, 0.000000, 0.000000, '60.0322', '0.7281', '0.164', 0, '-0.0299341', 0, '2025-01-30 15:14:00', '2025-01-30 15:14:01', '2025-01-30 15:40:51'),
	(3, '1335539553326526464', '1335550629752483841', '1335550629752483841', 'sell', 0, 10, 'ADAUSDT', 'htx', 10, 100, 5, 0.5, 0, 2, 240.925601, 7.000000, 63.574350, 0.908205, 0.874147, 0.912746, 0.000000, 0.000000, '63.81599', '0.904753', '0.24164', 0, '-0.03814461', 0, '2025-02-02 09:17:22', '2025-02-02 09:17:23', '2025-02-02 10:01:23'),
	(3, '1335542952805724160', '1335550622965403649', '1335550622965403649', 'sell', 0, 36, 'ARBUSDT', 'htx', 10, 100, 5, 0.5, 0, 2, 240.925601, 102.000000, 59.925000, 0.587500, 0.565500, 0.590400, 0.000000, 0.000000, '60.4146', '0.5827', '0.4896', 0, '-0.035955', 0, '2025-02-02 09:30:52', '2025-02-02 09:30:54', '2025-02-02 10:01:22'),
	(3, '1335545988709187584', '1335550642487607296', '1335550642487607296', 'buy', 0, 22, 'ATOMUSDT', 'htx', 10, 100, 5, 0.5, 0, 2, 241.056031, 10.000000, 58.986400, 5.898640, 6.119800, 5.869100, 0.000000, 0.000000, '58.815000000000005', '5.8815', '-0.1714', 0, '-0.03539184', 0, '2025-02-02 09:42:56', '2025-02-02 09:42:58', '2025-02-02 10:01:26'),
	(3, '1335548332225306624', '1335550622965403649', '1335550622965403649', 'sell', 1, 36, 'ARBUSDT', 'htx', 10, 100, 5, 0.5, 0, 2, 241.080011, 85.000000, 49.691000, 0.584600, 0.561200, 0.587500, 0.000000, 0.000000, '49.844', '0.5828', '0.153', 0, '-0.0298146', 0, '2025-02-02 09:52:15', '2025-02-02 09:52:16', '2025-02-02 10:01:21'),
	(3, '1335549474373636096', '1335550637910421504', '1335550637910421504', 'sell', 0, 22, 'ATOMUSDT', 'htx', 10, 100, 5, 0.5, 0, 2, 241.079250, 10.000000, 58.815000, 5.881500, 5.660900, 5.910900, 0.000000, 0.000000, '58.794999999999995', '5.8835', '-0.02', 0, '-0.035289', 0, '2025-02-02 09:56:47', '2025-02-02 09:56:49', '2025-02-02 10:01:25'),
	(22, '1335596241535614976', '1335606595352371200', '1335606595352371200', 'buy', 0, 23, 'AAVEUSDT', 'htx', 30, 100, 2, 1.6, 0, 2, 929.379714, 2.000000, 58.680200, 293.401000, 297.802000, 288.707000, 0.000000, 0.000000, '59.3132', '296.568', '0.633', 0, '-0.0293401', 0, '2025-02-02 13:02:38', '2025-02-02 13:02:39', '2025-02-02 13:43:46'),
	(22, '1335596356717150210', '1335606588806983680', '1335606588806983680', 'buy', 0, 29, 'ALGOUSDT', 'htx', 30, 100, 2, 1.6, 0, 2, 929.379714, 18.000000, 61.527600, 0.341820, 0.346950, 0.336350, 0.000000, 0.000000, '62.0586', '0.34477', '0.531', 0, '-0.0307638', 0, '2025-02-02 13:03:05', '2025-02-02 13:03:06', '2025-02-02 13:43:45'),
	(22, '1335620686877708288', '1335863161544740865', '1335863161544740865', 'sell', 0, 22, 'ATOMUSDT', 'htx', 25, 100, 2, 1.6, 0, 2, 928.794951, 11.000000, 62.395300, 5.672300, 5.587200, 5.763100, 0.000000, 0.000000, '72.5208', '4.7518', '10.1255', 0, '-0.03119765', 0, '2025-02-02 14:39:46', '2025-02-02 14:39:47', '2025-02-03 06:43:17'),
	(22, '1335675057097773057', '1335863147395305472', '1335863147395305472', 'sell', 0, 36, 'ARBUSDT', 'htx', 25, 100, 2, 1.6, 0, 2, 928.666586, 105.000000, 59.944500, 0.570900, 0.562300, 0.580000, 0.000000, 0.000000, '69.573', '0.4792', '9.6285', 0, '-0.02997225', 0, '2025-02-02 18:15:49', '2025-02-02 18:15:50', '2025-02-03 06:43:13'),
	(22, '1335682885224865792', '1335693429626470400', '1335693429626470400', 'buy', 0, 36, 'ARBUSDT', 'htx', 25, 100, 2, 1.6, 0, 2, 929.563314, 105.000000, 60.102000, 0.572400, 0.581000, 0.563200, 0.000000, 0.000000, '59.083144', '0.5625', '-1.018856', 0, '-0.030051', 0, '2025-02-02 18:46:55', '2025-02-02 18:46:56', '2025-02-02 19:28:49'),
	(22, '1335691244289798144', '1335863830195191808', '1335863830195191808', 'sell', 0, 34, 'AVAXUSDT', 'htx', 25, 100, 2, 1.6, 0, 2, 928.655863, 2.000000, 61.878600, 30.939300, 30.475200, 31.434300, 0.000000, 0.000000, '69.9874', '26.8849', '8.1088', 0, '-0.0309393', 0, '2025-02-02 19:20:08', '2025-02-02 19:20:09', '2025-02-03 06:45:56'),
	(22, '1335695585086640129', '1335728678069837824', '1335728678069837824', 'sell', 1, 36, 'ARBUSDT', 'htx', 25, 100, 2, 1.6, 0, 2, 929.649823, 89.000000, 49.834400, 0.559937, 0.551000, 0.568900, 0.000000, 0.000000, '49.096837', '0.5691', '-0.737563', 0, '-0.0249172', 0, '2025-02-02 19:37:23', '2025-02-02 19:37:24', '2025-02-02 21:48:53'),
	(22, '1335697422343831555', '1335863161544740865', '1335863161544740865', 'sell', 1, 22, 'ATOMUSDT', 'htx', 25, 100, 2, 1.6, 0, 2, 929.129963, 9.000000, 50.036400, 5.559600, 5.470600, 5.648600, 0.000000, 0.000000, '57.3066', '4.7518', '7.2702', 0, '-0.0250182', 0, '2025-02-02 19:44:41', '2025-02-02 19:44:42', '2025-02-03 06:43:16'),
	(22, '1337152613971705856', '1337179704452993025', '1337179704452993025', 'sell', 0, 37, 'WIFUSDT', 'htx', 10, 100, 2, 1.6, 0, 2, 954.697945, 76.000000, 59.910800, 0.788300, 0.776500, 0.800900, 0.000000, 0.000000, '60.1008', '0.7858', '0.19', 0, '-0.0299554', 0, '2025-02-06 20:07:06', '2025-02-06 20:07:07', '2025-02-06 21:54:45'),
	(22, '1337152889289277440', '1337200515104423937', '1337200515104423937', 'sell', 0, 45, 'WLDUSDT', 'htx', 10, 100, 2, 1.6, 0, 2, 954.697945, 46.000000, 59.349200, 1.290200, 1.270800, 1.310800, 0.000000, 0.000000, '60.991400000000006', '1.2545', '1.6422', 0, '-0.0296746', 0, '2025-02-06 20:08:11', '2025-02-06 20:08:12', '2025-02-06 23:17:26'),
	(22, '1337152938290401280', '1337201960707219456', '1337201960707219456', 'sell', 0, 43, 'WOOUSDT', 'htx', 10, 100, 2, 1.6, 0, 2, 954.697945, 52.000000, 59.607600, 0.114630, 0.112910, 0.116460, 0.000000, 0.000000, '61.256', '0.11146', '1.6484', 0, '-0.0298038', 0, '2025-02-06 20:08:23', '2025-02-06 20:08:24', '2025-02-06 23:23:11'),
	(22, '1337152981802577920', '1337204344489725952', '1337204344489725952', 'sell', 0, 15, 'UNIUSDT', 'htx', 10, 100, 2, 1.6, 1, 2, 954.697945, 6.000000, 55.696800, 9.282800, 9.143600, 9.431300, 0.000000, 0.000000, '57.1332', '9.0434', '1.4364', 0, '-0.0278484', 0, '2025-02-06 20:08:33', '2025-02-06 20:08:35', '2025-02-06 23:32:40'),
	(22, '1337159460975853568', '1337174220643549184', '1337174220643549184', 'sell', 0, 30, 'WAVESUSDT', 'htx', 10, 100, 2, 1.6, 1, 2, 955.854462, 48.000000, 59.687400, 1.243488, 1.224800, 1.263400, 0.000000, 0.000000, '58.70939', '1.2654', '-0.97801', 0, '-0.0298437', 0, '2025-02-06 20:34:18', '2025-02-06 20:34:19', '2025-02-06 21:32:57'),
	(22, '1337159464308867073', '1337173959718875137', '1337173959718875137', 'sell', 1, 37, 'WIFUSDT', 'htx', 10, 100, 2, 1.6, 0, 2, 955.563662, 64.000000, 49.593600, 0.774900, 0.762500, 0.787300, 0.000000, 0.000000, '48.813203', '0.7875', '-0.780397', 0, '-0.0247968', 0, '2025-02-06 20:34:19', '2025-02-06 20:34:20', '2025-02-06 21:31:55'),
	(22, '1337173753372610560', '1337179709065105408', '1337179709065105408', 'buy', 0, 37, 'WIFUSDT', 'htx', 10, 100, 2, 1.6, 0, 2, 955.334622, 76.000000, 59.819600, 0.787100, 0.798900, 0.774500, 0.000000, 0.000000, '59.720800000000004', '0.7858', '-0.0988', 0, '-0.0299098', 0, '2025-02-06 21:31:06', '2025-02-06 21:31:07', '2025-02-06 21:54:46'),
	(22, '1337173756224737280', '1337185420479451136', '1337185420479451136', 'buy', 0, 15, 'UNIUSDT', 'htx', 10, 100, 2, 1.6, 1, 2, 955.404622, 6.000000, 55.743600, 9.290600, 9.430000, 9.142000, 0.000000, 0.000000, '54.796535', '9.1302', '-0.947065', 0, '-0.0278718', 0, '2025-02-06 21:31:06', '2025-02-06 21:31:08', '2025-02-06 22:17:27'),
	(22, '1337173763341578243', '1337183036568223744', '1337183036568223744', 'buy', 0, 43, 'WOOUSDT', 'htx', 10, 100, 2, 1.6, 0, 2, 955.224222, 52.000000, 60.455200, 0.116260, 0.118000, 0.114400, 0.000000, 0.000000, '60.071874', '0.1144', '-0.383326', 0, '-0.0302276', 0, '2025-02-06 21:31:08', '2025-02-06 21:31:09', '2025-02-06 22:07:59'),
	(22, '1337173767178522625', '1337194264661311489', '1337194264661311489', 'buy', 0, 30, 'WAVESUSDT', 'htx', 10, 100, 2, 1.6, 1, 2, 955.334622, 48.000000, 60.532800, 1.261100, 1.280000, 1.240900, 0.000000, 0.000000, '59.648338', '1.2409', '-0.884462', 0, '-0.0302664', 0, '2025-02-06 21:31:09', '2025-02-06 21:31:10', '2025-02-06 22:52:36'),
	(22, '1337174317941555200', '1337185390816034816', '1337185390816034816', 'buy', 0, 45, 'WLDUSDT', 'htx', 10, 100, 2, 1.6, 0, 2, 955.224222, 46.000000, 59.703400, 1.297900, 1.317400, 1.277100, 0.000000, 0.000000, '58.501411000000004', '1.2703', '-1.201989', 0, '-0.0298517', 0, '2025-02-06 21:33:20', '2025-02-06 21:33:21', '2025-02-06 22:17:20'),
	(22, '1337185077824278528', '1337213741091188736', '1337213741091188736', 'sell', 0, 37, 'WIFUSDT', 'htx', 10, 100, 2, 1.6, 0, 2, 951.066615, 77.000000, 59.736600, 0.775800, 0.764200, 0.788200, 0.000000, 0.000000, '62.346900000000005', '0.7419', '2.6103', 0, '-0.0298683', 0, '2025-02-06 22:16:06', '2025-02-06 22:16:07', '2025-02-07 00:10:00'),
	(22, '1337185180639010817', '1337315827571593217', '1337315827571593217', 'sell', 0, 30, 'WAVESUSDT', 'htx', 10, 100, 2, 1.6, 0, 2, 951.397538, 48.000000, 59.932800, 1.248600, 1.229900, 1.268600, 0.000000, 0.000000, '60.3024', '1.2409', '0.3696', 0, '-0.0299664', 0, '2025-02-06 22:16:30', '2025-02-06 22:16:31', '2025-02-07 06:55:40'),
	(22, '1337189849944453121', '1337192001289043969', '1337192001289043969', 'buy', 0, 15, 'UNIUSDT', 'htx', 10, 100, 2, 1.6, 1, 2, 951.138797, 7.000000, 64.545500, 9.220786, 9.359100, 9.073300, 0.000000, 0.000000, '63.572273', '9.0731', '-0.973227', 0, '-0.03227275', 0, '2025-02-06 22:35:03', '2025-02-06 22:35:05', '2025-02-06 22:43:36'),
	(22, '1337191541179842562', '1337204344489725952', '1337204344489725952', 'sell', 1, 15, 'UNIUSDT', 'htx', 10, 100, 2, 1.6, 1, 2, 957.711822, 5.000000, 45.440500, 9.088100, 8.942700, 9.233500, 0.000000, 0.000000, '45.664', '9.0434', '0.2235', 0, '-0.02272025', 0, '2025-02-06 22:41:47', '2025-02-06 22:41:48', '2025-02-06 23:32:39'),
	(22, '1337197108624932864', '1337307082969198592', '1337307082969198592', 'buy', 0, 30, 'WAVESUSDT', 'htx', 10, 100, 2, 1.6, 0, 2, 952.918171, 48.000000, 60.072000, 1.251500, 1.270300, 1.231500, 0.000000, 0.000000, '58.948171', '1.2274', '-1.123829', 0, '-0.030036', 0, '2025-02-06 23:03:54', '2025-02-06 23:03:55', '2025-02-07 06:20:54'),
	(22, '1337203928328196098', '1337222774152204288', '1337222774152204288', 'sell', 0, 45, 'WLDUSDT', 'htx', 10, 100, 2, 1.6, 0, 2, 952.383145, 48.000000, 59.851200, 1.246900, 1.228200, 1.266900, 0.000000, 0.000000, '61.651199999999996', '1.2094', '1.8', 0, '-0.0299256', 0, '2025-02-06 23:31:00', '2025-02-06 23:31:01', '2025-02-07 00:45:54'),
	(22, '1337204239418667008', '1337333599135154176', '1337333599135154176', 'sell', 0, 43, 'WOOUSDT', 'htx', 10, 100, 2, 1.6, 0, 2, 952.670141, 54.000000, 59.664600, 0.110490, 0.108830, 0.112260, 0.000000, 0.000000, '59.6808', '0.11046', '0.0162', 0, '-0.0298323', 0, '2025-02-06 23:32:14', '2025-02-06 23:32:15', '2025-02-07 08:06:16'),
	(22, '1337204504415010819', '1337207650022375424', '1337207650022375424', 'buy', 0, 45, 'WLDUSDT', 'htx', 10, 100, 2, 1.6, 0, 2, 953.962683, 48.000000, 59.918400, 1.248300, 1.267000, 1.228300, 0.000000, 0.000000, '58.790037999999996', '1.2244', '-1.128362', 0, '-0.0299592', 0, '2025-02-06 23:33:17', '2025-02-06 23:33:18', '2025-02-06 23:45:47'),
	(22, '1337207215995797504', '1337222774152204288', '1337222774152204288', 'sell', 1, 45, 'WLDUSDT', 'htx', 10, 100, 2, 1.6, 0, 2, 953.200779, 41.000000, 50.278300, 1.226300, 1.206700, 1.245900, 0.000000, 0.000000, '50.9712', '1.2094', '0.6929', 0, '-0.02513915', 0, '2025-02-06 23:44:04', '2025-02-06 23:44:05', '2025-02-07 00:45:53'),
	(22, '1337207655142162433', '1337236054694924290', '1337236054694924290', 'sell', 0, 15, 'UNIUSDT', 'htx', 10, 100, 2, 1.6, 0, 2, 953.927238, 7.000000, 62.776500, 8.968071, 8.833600, 9.111600, 0.000000, 0.000000, '61.784357', '9.114', '-0.992143', 0, '-0.03138825', 0, '2025-02-06 23:45:49', '2025-02-06 23:45:50', '2025-02-07 01:38:40'),
	(22, '1337209554436259840', '1337215128556855296', '1337215128556855296', 'sell', 1, 43, 'WOOUSDT', 'htx', 10, 100, 2, 1.6, 0, 2, 953.574980, 46.000000, 49.875200, 0.108424, 0.106690, 0.110160, 0.000000, 0.000000, '49.127508', '0.11036', '-0.747692', 0, '-0.0249376', 0, '2025-02-06 23:53:21', '2025-02-06 23:53:23', '2025-02-07 00:15:30'),
	(22, '1337212964418064385', '1337256803153379328', '1337256803153379328', 'buy', 0, 15, 'UNIUSDT', 'htx', 10, 100, 2, 1.6, 0, 2, 952.933338, 7.000000, 63.614600, 9.087800, 9.224100, 8.942400, 0.000000, 0.000000, '62.526141', '8.9269', '-1.088459', 0, '-0.0318073', 0, '2025-02-07 00:06:54', '2025-02-07 00:06:56', '2025-02-07 03:01:06'),
	(22, '1337215340411777024', '1337225078339768322', '1337225078339768322', 'sell', 0, 37, 'WIFUSDT', 'htx', 10, 100, 2, 1.6, 0, 2, 951.778033, 81.000000, 59.583600, 0.735600, 0.724600, 0.747400, 0.000000, 0.000000, '60.158699999999996', '0.7285', '0.5751', 0, '-0.0297918', 0, '2025-02-07 00:16:21', '2025-02-07 00:16:22', '2025-02-07 00:55:03'),
	(22, '1337223342717423617', '1337225082882371585', '1337225082882371585', 'buy', 0, 37, 'WIFUSDT', 'htx', 10, 100, 2, 1.6, 0, 2, 954.800354, 82.000000, 60.179800, 0.733900, 0.744900, 0.722200, 0.000000, 0.000000, '59.737', '0.7285', '-0.4428', 0, '-0.0300899', 0, '2025-02-07 00:48:09', '2025-02-07 00:48:10', '2025-02-07 00:55:04'),
	(22, '1337223366163349505', '1337242026508439552', '1337242026508439552', 'buy', 0, 45, 'WLDUSDT', 'htx', 10, 100, 2, 1.6, 0, 2, 954.957893, 49.000000, 59.917200, 1.222800, 1.241100, 1.203200, 0.000000, 0.000000, '58.971113', '1.203', '-0.946087', 0, '-0.0299586', 0, '2025-02-07 00:48:14', '2025-02-07 00:48:15', '2025-02-07 02:02:23'),
	(22, '1337237224334790657', '1337262905370185728', '1337262905370185728', 'sell', 0, 15, 'UNIUSDT', 'htx', 10, 100, 2, 1.6, 0, 2, 953.650989, 7.000000, 63.380800, 9.054400, 8.918600, 9.199300, 0.000000, 0.000000, '63.49', '9.0388', '0.1092', 0, '-0.0316904', 0, '2025-02-07 01:43:18', '2025-02-07 01:43:20', '2025-02-07 03:25:21'),
	(22, '1337250230804254720', '1337256836721692672', '1337256836721692672', 'buy', 0, 45, 'WLDUSDT', 'htx', 10, 100, 2, 1.6, 0, 2, 952.955110, 49.000000, 59.569300, 1.215700, 1.233900, 1.196200, 0.000000, 0.000000, '58.482126', '1.1942', '-1.087174', 0, '-0.02978465', 0, '2025-02-07 02:34:59', '2025-02-07 02:35:01', '2025-02-07 03:01:14'),
	(22, '1337256833541181440', '1337260708998774788', '1337260708998774788', 'sell', 1, 15, 'UNIUSDT', 'htx', 10, 100, 2, 1.6, 0, 2, 952.533910, 6.000000, 53.462400, 8.910400, 8.767800, 9.053000, 0.000000, 0.000000, '52.514406', '9.0742', '-0.947994', 0, '-0.0267312', 0, '2025-02-07 03:01:14', '2025-02-07 03:01:15', '2025-02-07 03:16:38'),
	(22, '1337256836674977793', '1337259692915134464', '1337259692915134464', 'sell', 0, 45, 'WLDUSDT', 'htx', 10, 100, 2, 1.6, 0, 2, 952.148625, 50.000000, 59.680000, 1.193600, 1.175700, 1.212700, 0.000000, 0.000000, '58.722087', '1.2154', '-0.957913', 0, '-0.02984', 0, '2025-02-07 03:01:14', '2025-02-07 03:01:15', '2025-02-07 03:12:35'),
	(22, '1337259584127475712', '1337262909861117952', '1337262909861117952', 'buy', 0, 15, 'UNIUSDT', 'htx', 10, 100, 2, 1.6, 0, 2, 952.278892, 7.000000, 63.009800, 9.001400, 9.136400, 8.857400, 0.000000, 0.000000, '63.2716', '9.0388', '0.2618', 0, '-0.0315049', 0, '2025-02-07 03:12:09', '2025-02-07 03:12:11', '2025-02-07 03:25:22'),
	(22, '1337264630782758912', '1337283681138409472', '1337283681138409472', 'sell', 0, 15, 'UNIUSDT', 'htx', 10, 100, 2, 1.6, 0, 2, 948.052304, 7.000000, 62.676600, 8.953800, 8.819500, 9.097100, 0.000000, 0.000000, '61.708041', '9.101', '-0.968559', 0, '-0.0313383', 0, '2025-02-07 03:32:13', '2025-02-07 03:32:14', '2025-02-07 04:47:55'),
	(22, '1337283692935233536', '1337294501558190081', '1337294501558190081', 'buy', 0, 15, 'UNIUSDT', 'htx', 10, 100, 2, 1.6, 0, 2, 947.566166, 7.000000, 63.753200, 9.107600, 9.244200, 8.961900, 0.000000, 0.000000, '62.720575', '8.959', '-1.032625', 0, '-0.0318766', 0, '2025-02-07 04:47:57', '2025-02-07 04:47:59', '2025-02-07 05:30:54'),
	(22, '1337304807144312832', '1337333583634911233', '1337333583634911233', 'sell', 0, 15, 'UNIUSDT', 'htx', 10, 100, 2, 1.6, 0, 2, 945.401070, 7.000000, 62.596800, 8.942400, 8.808300, 9.085500, 0.000000, 0.000000, '61.9654', '9.0326', '-0.6314', 0, '-0.0312984', 0, '2025-02-07 06:11:51', '2025-02-07 06:11:53', '2025-02-07 08:06:12'),
	(22, '1337306962697801728', '1337315827571593217', '1337315827571593217', 'sell', 1, 30, 'WAVESUSDT', 'htx', 10, 100, 2, 1.6, 0, 2, 952.438571, 41.000000, 50.334100, 1.227661, 1.208000, 1.247300, 0.000000, 0.000000, '49.7913', '1.2409', '-0.5428', 0, '-0.02516705', 0, '2025-02-07 06:20:25', '2025-02-07 06:20:26', '2025-02-07 06:55:39'),
	(22, '1337309385899360259', '1337315836389801984', '1337315836389801984', 'buy', 0, 30, 'WAVESUSDT', 'htx', 10, 100, 2, 1.6, 0, 2, 946.525977, 49.000000, 60.608000, 1.236898, 1.255500, 1.217100, 0.000000, 0.000000, '60.8041', '1.2409', '0.1961', 0, '-0.030304', 0, '2025-02-07 06:30:03', '2025-02-07 06:30:04', '2025-02-07 06:55:41'),
	(22, '1337317023640408064', '1337333599068045312', '1337333599068045312', 'buy', 0, 30, 'WAVESUSDT', 'htx', 10, 100, 2, 1.6, 0, 2, 943.374079, 48.000000, 59.762100, 1.245044, 1.263700, 1.225100, 0.000000, 0.000000, '59.889599999999994', '1.2477', '0.1275', 0, '-0.02988105', 0, '2025-02-07 07:00:24', '2025-02-07 07:00:25', '2025-02-07 08:06:16'),
	(22, '1337332275719278592', '1337333588297355264', '1337333588297355264', 'buy', 0, 15, 'UNIUSDT', 'htx', 10, 100, 2, 1.6, 0, 2, 944.297398, 7.000000, 63.052500, 9.007500, 9.142600, 8.863400, 0.000000, 0.000000, '63.2282', '9.0326', '0.1757', 0, '-0.03152625', 0, '2025-02-07 08:01:00', '2025-02-07 08:01:02', '2025-02-07 08:06:13'),
	(22, '1337335667380166656', '1337338221570486272', '1337338221570486272', 'buy', 0, 8, 'FTTUSDT', 'htx', 10, 100, 2, 0.6, 0, 2, 943.002200, 30.000000, 61.050000, 2.035000, 2.066000, 2.023000, 0.000000, 0.000000, '60.80929', '2.021', '-0.24071', 0, '-0.030525', 0, '2025-02-07 08:14:29', '2025-02-07 08:14:30', '2025-02-07 08:24:38'),
	(22, '1337336421848547328', '1337344574937268225', '1337344574937268225', 'sell', 0, 8, 'FTTUSDT', 'htx', 10, 100, 2, 0.6, 0, 2, 943.001675, 30.000000, 60.864000, 2.028800, 1.998000, 2.041000, 0.000000, 0.000000, '61.577999999999996', '2.005', '0.714', 0, '-0.030432', 0, '2025-02-07 08:17:29', '2025-02-07 08:17:30', '2025-02-07 08:49:55'),
	(22, '1337337387690598402', '1337343314071793667', '1337343314071793667', 'buy', 0, 16, 'FILUSDT', 'htx', 10, 100, 2, 0.6, 0, 2, 943.061675, 190.000000, 59.888000, 3.152000, 3.199000, 3.133000, 0.000000, 0.000000, '59.507759', '3.13', '-0.380241', 0, '-0.029944', 0, '2025-02-07 08:21:19', '2025-02-07 08:21:20', '2025-02-07 08:44:52'),
	(22, '1337337452104257536', '1337340698191962112', '1337340698191962112', 'buy', 0, 26, 'GRTUSDT', 'htx', 10, 100, 2, 0.6, 0, 2, 943.001675, 46.000000, 59.979400, 0.130390, 0.132350, 0.129610, 0.000000, 0.000000, '59.698175', '0.12949', '-0.281225', 0, '-0.0299897', 0, '2025-02-07 08:21:34', '2025-02-07 08:21:36', '2025-02-07 08:34:29'),
	(22, '1337339314217140224', '1337349618891952128', '1337349618891952128', 'sell', 0, 26, 'GRTUSDT', 'htx', 10, 100, 2, 0.6, 0, 2, 942.682109, 46.000000, 59.731000, 0.129850, 0.127900, 0.130630, 0.000000, 0.000000, '59.8598', '0.12957', '0.1288', 0, '-0.0298655', 0, '2025-02-07 08:28:59', '2025-02-07 08:29:00', '2025-02-07 09:09:55'),
	(22, '1337339912548941824', '1337344574937268225', '1337344574937268225', 'sell', 1, 8, 'FTTUSDT', 'htx', 10, 100, 2, 0.6, 0, 2, 942.620979, 25.000000, 50.400000, 2.016000, 1.986000, 2.028000, 0.000000, 0.000000, '50.675', '2.005', '0.275', 0, '-0.0252', 0, '2025-02-07 08:31:21', '2025-02-07 08:31:22', '2025-02-07 08:49:54'),
	(22, '1337340621395857408', '1337350071069802496', '1337350071069802496', 'sell', 0, 16, 'FILUSDT', 'htx', 10, 100, 2, 0.6, 0, 2, 942.424714, 191.000000, 60.050800, 3.144021, 3.097000, 3.163000, 0.000000, 0.000000, '59.668919', '3.165', '-0.381881', 0, '-0.0300254', 0, '2025-02-07 08:34:10', '2025-02-07 08:34:11', '2025-02-07 09:11:43'),
	(22, '1337342163384504321', '1337348857288556544', '1337348857288556544', 'sell', 1, 26, 'GRTUSDT', 'htx', 10, 100, 2, 0.6, 0, 2, 942.430733, 39.000000, 50.251500, 0.128850, 0.126920, 0.129620, 0.000000, 0.000000, '49.916178', '0.12974', '-0.335322', 0, '-0.02512575', 0, '2025-02-07 08:40:18', '2025-02-07 08:40:19', '2025-02-07 09:06:54'),
	(22, '1337342333783687168', '1337344574937268225', '1337344574937268225', 'sell', 2, 8, 'FTTUSDT', 'htx', 10, 100, 2, 0.6, 0, 2, 942.857833, 25.000000, 50.050000, 2.002000, 1.972000, 2.014000, 0.000000, 0.000000, '49.974999999999994', '2.005', '-0.075', 0, '-0.025025', 0, '2025-02-07 08:40:58', '2025-02-07 08:41:00', '2025-02-07 08:49:53'),
	(22, '1337343644401197056', '1337344588016406528', '1337344588016406528', 'buy', 0, 8, 'FTTUSDT', 'htx', 10, 100, 2, 0.6, 0, 2, 943.283547, 30.000000, 60.330000, 2.011000, 2.041000, 1.999000, 0.000000, 0.000000, '60.15', '2.005', '-0.18', 0, '-0.030165', 0, '2025-02-07 08:46:11', '2025-02-07 08:46:12', '2025-02-07 08:49:56'),
	(22, '1337346349739646976', '1337354671195668480', '1337354671195668480', 'buy', 0, 8, 'FTTUSDT', 'htx', 10, 100, 2, 0.6, 0, 2, 943.039837, 30.000000, 60.330000, 2.011000, 2.041000, 1.999000, 0.000000, 0.000000, '60.57', '2.019', '0.24', 0, '-0.030165', 0, '2025-02-07 08:56:56', '2025-02-07 08:56:57', '2025-02-07 09:30:00'),
	(22, '1337348271779713024', '1337354655319244800', '1337354655319244800', 'buy', 0, 16, 'FILUSDT', 'htx', 10, 100, 2, 0.6, 0, 2, 942.726072, 191.000000, 60.088600, 3.146000, 3.193000, 3.127000, 0.000000, 0.000000, '60.2796', '3.156', '0.191', 0, '-0.0300443', 0, '2025-02-07 09:04:34', '2025-02-07 09:04:35', '2025-02-07 09:29:57'),
	(22, '1337348751322615808', '1337349623391334400', '1337349623391334400', 'buy', 0, 26, 'GRTUSDT', 'htx', 10, 100, 2, 0.6, 0, 2, 942.672372, 46.000000, 59.680400, 0.129740, 0.131690, 0.128960, 0.000000, 0.000000, '59.602199999999996', '0.12957', '-0.0782', 0, '-0.0298402', 0, '2025-02-07 09:06:28', '2025-02-07 09:06:30', '2025-02-07 09:09:56'),
	(22, '1337348846630612992', '1337354018105958400', '1337354018105958400', 'buy', 1, 8, 'FTTUSDT', 'htx', 10, 100, 2, 0.6, 0, 2, 942.672372, 25.000000, 50.750000, 2.030000, 2.060000, 2.018000, 0.000000, 0.000000, '50.49963', '2.017', '-0.25037', 0, '-0.025375', 0, '2025-02-07 09:06:51', '2025-02-07 09:06:52', '2025-02-07 09:27:24'),
	(22, '1337350009953558528', '1337355168762929152', '1337355168762929152', 'buy', 0, 26, 'GRTUSDT', 'htx', 10, 100, 2, 0.6, 0, 2, 941.648031, 46.000000, 59.744800, 0.129880, 0.131830, 0.129100, 0.000000, 0.000000, '59.30303', '0.12887', '-0.44177', 0, '-0.0298724', 0, '2025-02-07 09:11:29', '2025-02-07 09:11:30', '2025-02-07 09:31:59'),
	(22, '1337353007920795648', '1337354655319244800', '1337354655319244800', 'buy', 1, 16, 'FILUSDT', 'htx', 10, 100, 2, 0.6, 0, 2, 941.992006, 158.000000, 50.101800, 3.171000, 3.219000, 3.152000, 0.000000, 0.000000, '49.864799999999995', '3.156', '-0.237', 0, '-0.0250509', 0, '2025-02-07 09:23:23', '2025-02-07 09:23:24', '2025-02-07 09:29:56'),
	(22, '1337353921497382912', '1337354650779549696', '1337354650779549696', 'sell', 0, 16, 'FILUSDT', 'htx', 10, 100, 2, 0.6, 0, 2, 941.403882, 190.000000, 59.926000, 3.154000, 3.107000, 3.173000, 0.000000, 0.000000, '59.888000000000005', '3.156', '-0.038', 0, '-0.029963', 0, '2025-02-07 09:27:01', '2025-02-07 09:27:02', '2025-02-07 09:29:55'),
	(22, '1337353975119118336', '1337354666538270720', '1337354666538270720', 'sell', 0, 8, 'FTTUSDT', 'htx', 10, 100, 2, 0.6, 0, 2, 941.527882, 30.000000, 60.510000, 2.017000, 1.987000, 2.029000, 0.000000, 0.000000, '60.449999999999996', '2.019', '-0.06', 0, '-0.030255', 0, '2025-02-07 09:27:14', '2025-02-07 09:27:15', '2025-02-07 09:29:59'),
	(22, '1337354061621858304', '1337359019172401155', '1337359019172401155', 'sell', 0, 26, 'GRTUSDT', 'htx', 10, 100, 2, 0.6, 0, 2, 941.787482, 46.000000, 59.505600, 0.129360, 0.127420, 0.130140, 0.000000, 0.000000, '59.197709', '0.13016', '-0.307891', 0, '-0.0297528', 0, '2025-02-07 09:27:35', '2025-02-07 09:27:36', '2025-02-07 09:47:17'),
	(22, '1337355046416384001', '1337357310903291904', '1337357310903291904', 'sell', 0, 8, 'FTTUSDT', 'htx', 10, 100, 2, 0.6, 0, 2, 940.015577, 30.000000, 60.090000, 2.003000, 1.973000, 2.015000, 0.000000, 0.000000, '59.850955000000006', '2.019', '-0.239045', 0, '-0.030045', 0, '2025-02-07 09:31:29', '2025-02-07 09:31:31', '2025-02-07 09:40:29'),
	(22, '1337355205723717632', '1337356602279563264', '1337356602279563264', 'sell', 0, 16, 'FILUSDT', 'htx', 10, 100, 2, 0.6, 0, 2, 940.196147, 190.000000, 59.698000, 3.142000, 3.095000, 3.161000, 0.000000, 0.000000, '59.489531', '3.161', '-0.208469', 0, '-0.029849', 0, '2025-02-07 09:32:07', '2025-02-07 09:32:08', '2025-02-07 09:37:40'),
	(22, '1337355596486508545', '1337359715028795392', '1337359715028795392', 'buy', 0, 26, 'GRTUSDT', 'htx', 10, 100, 2, 0.6, 0, 2, 939.835917, 46.000000, 59.533200, 0.129420, 0.131360, 0.128640, 0.000000, 0.000000, '59.7724', '0.12994', '0.2392', 0, '-0.0297666', 0, '2025-02-07 09:33:41', '2025-02-07 09:33:42', '2025-02-07 09:50:04'),
	(22, '1337356916267044864', '1337369792612945920', '1337369792612945920', 'buy', 0, 16, 'FILUSDT', 'htx', 10, 100, 2, 0.6, 0, 2, 939.029702, 189.000000, 59.875200, 3.168000, 3.216000, 3.149000, 0.000000, 0.000000, '60.6122', '3.207', '0.737', 0, '-0.0299376', 0, '2025-02-07 09:38:55', '2025-02-07 09:38:56', '2025-02-07 10:30:05'),
	(22, '1337357208748605440', '1337364766995746818', '1337364766995746818', 'buy', 0, 8, 'FTTUSDT', 'htx', 10, 100, 2, 0.6, 0, 2, 939.029702, 30.000000, 60.550000, 2.018333, 2.049000, 2.006000, 0.000000, 0.000000, '60.839999999999996', '2.028', '0.29', 0, '-0.030275', 0, '2025-02-07 09:40:05', '2025-02-07 09:40:06', '2025-02-07 10:10:07'),
	(22, '1337358819725029376', '1337360643865587713', '1337360643865587713', 'sell', 0, 8, 'FTTUSDT', 'htx', 10, 100, 2, 0.6, 0, 2, 938.575510, 30.000000, 60.270000, 2.009000, 1.979000, 2.021000, 0.000000, 0.000000, '59.760254', '2.027', '-0.509746', 0, '-0.030135', 0, '2025-02-07 09:46:29', '2025-02-07 09:46:30', '2025-02-07 09:53:44'),
	(22, '1337358949442285568', '1337359715028795392', '1337359715028795392', 'buy', 1, 26, 'GRTUSDT', 'htx', 10, 100, 2, 0.6, 0, 2, 938.912663, 38.000000, 49.460800, 0.130160, 0.132110, 0.129380, 0.000000, 0.000000, '49.3772', '0.12994', '-0.0836', 0, '-0.0247304', 0, '2025-02-07 09:47:00', '2025-02-07 09:47:01', '2025-02-07 09:50:03'),
	(22, '1337359522351550465', '1337359710481952768', '1337359710481952768', 'sell', 0, 26, 'GRTUSDT', 'htx', 10, 100, 2, 0.6, 0, 2, 938.500090, 46.000000, 59.721800, 0.129830, 0.127880, 0.130610, 0.000000, 0.000000, '59.6712', '0.12994', '-0.0506', 0, '-0.0298609', 0, '2025-02-07 09:49:17', '2025-02-07 09:49:18', '2025-02-07 09:50:01'),
	(22, '1337360227074191362', '1337364760819683328', '1337364760819683328', 'buy', 0, 26, 'GRTUSDT', 'htx', 10, 100, 2, 0.6, 0, 2, 937.871579, 46.000000, 60.089800, 0.130630, 0.132590, 0.129850, 0.000000, 0.000000, '60.517599999999995', '0.13156', '0.4278', 0, '-0.0300449', 0, '2025-02-07 09:52:04', '2025-02-07 09:52:06', '2025-02-07 10:10:06'),
	(22, '1337361047042887680', '1337364757980581888', '1337364757980581888', 'sell', 0, 8, 'FTTUSDT', 'htx', 10, 100, 2, 0.6, 0, 2, 939.573210, 30.000000, 60.840000, 2.028000, 1.998000, 2.040000, 0.000000, 0.000000, '60.84', '2.028', '0.0', 0, '-0.03042', 0, '2025-02-07 09:55:20', '2025-02-07 09:55:21', '2025-02-07 10:10:06'),
	(22, '1337362190139150336', '1337362756116910081', '1337362756116910081', 'sell', 0, 26, 'GRTUSDT', 'htx', 10, 100, 2, 0.6, 0, 2, 939.023690, 46.000000, 60.370400, 0.131240, 0.129270, 0.132030, 0.000000, 0.000000, '60.140924999999996', '0.13204', '-0.229475', 0, '-0.0301852', 0, '2025-02-07 09:59:53', '2025-02-07 09:59:54', '2025-02-07 10:02:08'),
	(22, '1337362599336198144', '1337363668797067264', '1337363668797067264', 'buy', 1, 8, 'FTTUSDT', 'htx', 10, 100, 2, 0.6, 0, 2, 939.389110, 25.000000, 50.975000, 2.039000, 2.070000, 2.027000, 0.000000, 0.000000, '50.625', '2.025', '-0.35', 0, '-0.0254875', 0, '2025-02-07 10:01:30', '2025-02-07 10:01:31', '2025-02-07 10:05:45'),
	(22, '1337363266468859904', '1337364757980581888', '1337364757980581888', 'sell', 1, 8, 'FTTUSDT', 'htx', 10, 100, 2, 0.6, 0, 2, 938.879404, 25.000000, 50.700000, 2.028000, 1.998000, 2.040000, 0.000000, 0.000000, '50.7', '2.028', '0.0', 0, '-0.02535', 0, '2025-02-07 10:04:09', '2025-02-07 10:04:10', '2025-02-07 10:10:05'),
	(22, '1337363449985204225', '1337364756250853376', '1337364756250853376', 'sell', 0, 26, 'GRTUSDT', 'htx', 10, 100, 2, 0.6, 0, 2, 938.936927, 46.000000, 60.480800, 0.131480, 0.129510, 0.132270, 0.000000, 0.000000, '60.444', '0.13156', '-0.0368', 0, '-0.0302404', 0, '2025-02-07 10:04:53', '2025-02-07 10:04:54', '2025-02-07 10:10:04'),
	(22, '1337365044881666048', '1337369787967709185', '1337369787967709185', 'sell', 0, 16, 'FILUSDT', 'htx', 10, 100, 2, 0.6, 0, 2, 938.111899, 187.000000, 59.989600, 3.208000, 3.160000, 3.227000, 0.000000, 0.000000, '60.0086', '3.207', '0.019', 0, '-0.0299948', 0, '2025-02-07 10:11:13', '2025-02-07 10:11:14', '2025-02-07 10:30:04'),
	(22, '1337365916260732929', '1337369615478747136', '1337369615478747136', 'buy', 0, 8, 'FTTUSDT', 'htx', 10, 100, 2, 0.6, 0, 2, 937.755605, 30.000000, 61.200000, 2.040000, 2.071000, 2.028000, 0.000000, 0.000000, '61.109601000000005', '2.028', '-0.090399', 0, '-0.0306', 0, '2025-02-07 10:14:41', '2025-02-07 10:14:42', '2025-02-07 10:29:23'),
	(22, '1337366505946509312', '1337375522977849345', '1337375522977849345', 'sell', 0, 26, 'GRTUSDT', 'htx', 10, 100, 2, 0.6, 0, 2, 937.755605, 46.000000, 60.246200, 0.130970, 0.129010, 0.131760, 0.000000, 0.000000, '60.1588', '0.13116', '-0.0874', 0, '-0.0301231', 0, '2025-02-07 10:17:02', '2025-02-07 10:17:03', '2025-02-07 10:52:51'),
	(22, '1337368546029944833', '1337375403599568896', '1337375403599568896', 'sell', 0, 8, 'FTTUSDT', 'htx', 10, 100, 2, 0.6, 0, 2, 937.238187, 30.000000, 60.870000, 2.029000, 1.999000, 2.041000, 0.000000, 0.000000, '60.600398999999996', '2.041', '-0.269601', 0, '-0.030435', 0, '2025-02-07 10:25:08', '2025-02-07 10:25:09', '2025-02-07 10:52:23'),
	(22, '1337374044729090048', '1337375520751513600', '1337375520751513600', 'buy', 0, 8, 'FTTUSDT', 'htx', 10, 100, 2, 0.6, 0, 2, 936.986210, 30.000000, 61.050000, 2.035000, 2.066000, 2.023000, 0.000000, 0.000000, '61.08', '2.036', '0.03', 0, '-0.030525', 0, '2025-02-07 10:46:59', '2025-02-07 10:47:00', '2025-02-07 10:52:51'),
	(22, '1337377639855792128', '1337382760887193600', '1337382760887193600', 'buy', 0, 38, 'MKRUSDT', 'htx', 10, 100, 2, 0.6, 1, 2, 936.442628, 66.000000, 60.046800, 909.800000, 923.400000, 904.300000, 0.000000, 0.000000, '59.696538', '903.3', '-0.350262', 0, '-0.0300234', 0, '2025-02-07 11:01:16', '2025-02-07 11:01:17', '2025-02-07 11:21:37'),
	(22, '1337377716874493952', '1337384989597450241', '1337384989597450241', 'buy', 0, 42, 'MANAUSDT', 'htx', 10, 100, 2, 0.6, 1, 2, 936.442628, 19.000000, 60.249000, 0.317100, 0.321900, 0.315200, 0.000000, 0.000000, '59.925796000000005', '0.3152', '-0.323204', 0, '-0.0301245', 0, '2025-02-07 11:01:34', '2025-02-07 11:01:36', '2025-02-07 11:30:28'),
	(22, '1337377718111506432', '1337385267848253440', '1337385267848253440', 'buy', 0, 40, 'MASKUSDT', 'htx', 10, 100, 2, 0.6, 1, 2, 936.442628, 272.000000, 60.139200, 2.211000, 2.244000, 2.198000, 0.000000, 0.000000, '59.839593', '2.197', '-0.299607', 0, '-0.0300696', 0, '2025-02-07 11:01:35', '2025-02-07 11:01:36', '2025-02-07 11:31:35'),
	(22, '1337382648640851968', '1337394778550202368', '1337394778550202368', 'sell', 0, 42, 'MANAUSDT', 'htx', 10, 100, 2, 0.6, 1, 2, 936.059611, 19.000000, 59.907000, 0.315300, 0.310600, 0.317200, 0.000000, 0.000000, '59.584919', '0.3179', '-0.322081', 0, '-0.0299535', 0, '2025-02-07 11:21:10', '2025-02-07 11:21:11', '2025-02-07 12:09:22'),
	(22, '1337385151104385024', '1337391845137158145', '1337391845137158145', 'sell', 0, 38, 'MKRUSDT', 'htx', 10, 100, 2, 0.6, 1, 2, 935.310645, 67.000000, 60.340200, 900.600000, 887.100000, 906.000000, 0.000000, 0.000000, '60.012082', '906.0', '-0.328118', 0, '-0.0301701', 0, '2025-02-07 11:31:07', '2025-02-07 11:31:08', '2025-02-07 11:57:43'),
	(22, '1337385292434608128', '1337393106314735616', '1337393106314735616', 'sell', 0, 40, 'MASKUSDT', 'htx', 10, 100, 2, 0.6, 1, 2, 935.310645, 273.000000, 59.950800, 2.196000, 2.163000, 2.209000, 0.000000, 0.000000, '59.5413', '2.211', '-0.4095', 0, '-0.0299754', 0, '2025-02-07 11:31:41', '2025-02-07 11:31:42', '2025-02-07 12:02:44'),
	(22, '1337388978047750144', '1337388978047750144', '1337388978047750144', 'buy', 0, 42, 'MANAUSDT', 'htx', 10, 100, 2, 0.6, 1, 1, 935.200818, 19.000000, 59.907000, 0.315300, 0.320000, 0.313400, 0.000000, 0.000000, '0', '0', '0', 0, '-0.0299535', 0, '2025-02-07 11:46:19', '2025-02-07 11:46:20', ''),
	(22, '1337390539607265280', '1337390539607265280', '1337390539607265280', 'buy', 0, 40, 'MASKUSDT', 'htx', 10, 100, 2, 0.6, 1, 1, 935.064018, 272.000000, 59.948800, 2.204000, 2.237000, 2.191000, 0.000000, 0.000000, '0', '0', '0', 0, '-0.0299744', 0, '2025-02-07 11:52:32', '2025-02-07 11:52:33', ''),
	(22, '1337391480366927873', '1337391480366927873', '1337391480366927873', 'buy', 0, 38, 'MKRUSDT', 'htx', 10, 100, 2, 0.6, 1, 1, 934.758865, 66.000000, 59.703600, 904.600000, 918.200000, 899.200000, 0.000000, 0.000000, '0', '0', '0', 0, '-0.0298518', 0, '2025-02-07 11:56:16', '2025-02-07 11:56:17', ''),
	(22, '1337391789436674048', '1337391789436674048', '1337391789436674048', 'buy', 1, 42, 'MANAUSDT', 'htx', 10, 100, 2, 0.6, 1, 1, 934.478691, 16.000000, 50.720000, 0.317000, 0.321800, 0.315100, 0.000000, 0.000000, '0', '0', '0', 0, '-0.02536', 0, '2025-02-07 11:57:30', '2025-02-07 11:57:31', '');

-- Dumping structure for table ddk_db.tbl_trade_setting
CREATE TABLE IF NOT EXISTS `tbl_trade_setting` (
  `tid` bigint NOT NULL AUTO_INCREMENT,
  `user_num` bigint DEFAULT NULL COMMENT '유저 번호',
  `market` varchar(50) DEFAULT NULL COMMENT '거래소 이름(bin, htx)',
  `trade_money_id` int DEFAULT '1' COMMENT '1회 최대 거래 금액 번호',
  `leverage_id` int DEFAULT '3' COMMENT '거래 레버리지 번호',
  `profit_range_id` int DEFAULT '1' COMMENT '거래당 수익 범위 번호',
  `liquidation_range_id` int DEFAULT '1' COMMENT '거래당 청산 범위 번호',
  `check_time` int DEFAULT '6' COMMENT '자동확인 시간',
  `update_date` varchar(150) DEFAULT NULL COMMENT '수정일자',
  PRIMARY KEY (`tid`)
) ENGINE=InnoDB AUTO_INCREMENT=39 DEFAULT CHARSET=utf8mb3;

-- Dumping data for table ddk_db.tbl_trade_setting: ~18 rows (approximately)
DELETE FROM `tbl_trade_setting`;
INSERT INTO `tbl_trade_setting` (`tid`, `user_num`, `market`, `trade_money_id`, `leverage_id`, `profit_range_id`, `liquidation_range_id`, `check_time`, `update_date`) VALUES
	(1, 3, 'htx', 1, 10, 4, 1, 1, '2025-02-01 16:09:10'),
	(20, 24, 'htx', 1, 6, 1, 25, 2, '2025-01-22 16:36:57'),
	(21, 25, 'htx', 1, 3, 1, 1, 6, '2025-01-15 19:18:32'),
	(22, 25, 'bin', 1, 3, 1, 1, 6, '2025-01-15 19:18:32'),
	(23, 26, 'htx', 1, 10, 1, 23, 1, '2025-02-07 12:01:56'),
	(24, 26, 'bin', 1, 3, 1, 1, 6, '2025-01-15 19:19:11'),
	(25, 27, 'htx', 1, 3, 1, 1, 6, '2025-01-15 19:34:51'),
	(26, 27, 'bin', 1, 3, 1, 1, 6, '2025-01-15 19:34:51'),
	(27, 28, 'htx', 1, 3, 1, 1, 6, '2025-01-15 19:35:27'),
	(28, 28, 'bin', 1, 3, 1, 1, 6, '2025-01-15 19:35:27'),
	(29, 29, 'htx', 1, 3, 1, 1, 6, '2025-01-17 16:53:26'),
	(30, 29, 'bin', 1, 3, 1, 1, 6, '2025-01-17 16:53:26'),
	(31, 30, 'htx', 1, 3, 1, 1, 6, '2025-01-17 16:54:06'),
	(32, 30, 'bin', 1, 3, 1, 1, 6, '2025-01-17 16:54:06'),
	(33, 31, 'htx', 1, 3, 1, 1, 6, '2025-01-17 16:54:36'),
	(34, 31, 'bin', 1, 3, 1, 1, 6, '2025-01-17 16:54:36'),
	(35, 22, 'htx', 1, 10, 1, 3, 1, '2025-02-07 08:08:02'),
	(36, 21, 'htx', 1, 3, 1, 1, 6, '2025-01-29 13:36:39'),
	(37, 32, 'htx', 1, 3, 1, 1, 6, '2025-02-05 11:04:38'),
	(38, 32, 'bin', 1, 3, 1, 1, 6, '2025-02-05 11:04:38');

-- Dumping structure for table ddk_db.tbl_user_friend
CREATE TABLE IF NOT EXISTS `tbl_user_friend` (
  `fid` bigint NOT NULL AUTO_INCREMENT,
  `user_num` bigint DEFAULT NULL COMMENT '유저 유일번호',
  `friend_phone` varchar(150) DEFAULT NULL COMMENT '친구전화번호',
  `friend_num` bigint DEFAULT NULL COMMENT '친구 유저 번호',
  `friend_fee` int DEFAULT '0' COMMENT '친구 수수료',
  PRIMARY KEY (`fid`)
) ENGINE=InnoDB AUTO_INCREMENT=2 DEFAULT CHARSET=utf8mb3 COMMENT='친구 정보 테이블';

-- Dumping data for table ddk_db.tbl_user_friend: ~1 rows (approximately)
DELETE FROM `tbl_user_friend`;
INSERT INTO `tbl_user_friend` (`fid`, `user_num`, `friend_phone`, `friend_num`, `friend_fee`) VALUES
	(1, 6, '111222', 7, 25);

-- Dumping structure for table ddk_db.tbl_user_info
CREATE TABLE IF NOT EXISTS `tbl_user_info` (
  `num` bigint NOT NULL AUTO_INCREMENT COMMENT '유저 유일번호',
  `name` varchar(150) NOT NULL COMMENT '유저 이름',
  `id` varchar(250) NOT NULL COMMENT '유저 아이디 (이메일)',
  `password` varchar(250) NOT NULL COMMENT '비밀번호',
  `phone` varchar(250) NOT NULL COMMENT '유저 전화번호',
  `actived` tinyint NOT NULL DEFAULT '0' COMMENT '유저 액티브상태',
  `enabled` tinyint NOT NULL DEFAULT '0' COMMENT '거래중인 유저상태(0 : 미거래, 1 : 거래중)',
  `agent_num` int NOT NULL DEFAULT '0' COMMENT '추천한 에이전트 번호(유저번호)',
  `agentable` tinyint NOT NULL DEFAULT '0' COMMENT '에이전트 상태(1:에이전트, 0: 에이전트 아님)',
  `level` int NOT NULL DEFAULT '1' COMMENT '유저 레벨',
  `my_fee` int NOT NULL DEFAULT '0' COMMENT '나의 수수료(%)',
  `agent_fee` int NOT NULL DEFAULT '0' COMMENT '에이전트에게 상납할 수수료(%)',
  `coupon` double(11,5) NOT NULL DEFAULT '0.00000' COMMENT '보유한 쿠폰금액',
  `point` int NOT NULL DEFAULT '0' COMMENT '보유한 포인트 수량',
  `permission` tinyint NOT NULL DEFAULT '0' COMMENT '1 : 관리자, 0 : 사용자',
  `login_date` timestamp NULL DEFAULT NULL COMMENT '로그인된 일자',
  `create_date` timestamp NOT NULL DEFAULT CURRENT_TIMESTAMP,
  `update_date` timestamp NULL DEFAULT NULL,
  PRIMARY KEY (`num`)
) ENGINE=InnoDB AUTO_INCREMENT=33 DEFAULT CHARSET=utf8mb3 COMMENT='유저정보 테이블';

-- Dumping data for table ddk_db.tbl_user_info: ~12 rows (approximately)
DELETE FROM `tbl_user_info`;
INSERT INTO `tbl_user_info` (`num`, `name`, `id`, `password`, `phone`, `actived`, `enabled`, `agent_num`, `agentable`, `level`, `my_fee`, `agent_fee`, `coupon`, `point`, `permission`, `login_date`, `create_date`, `update_date`) VALUES
	(1, 'admin', 'admin@gmail.com', '$2y$10$G2WUXyTscHXnC92Whr8sWOsXPDorPVxXOAAhgGbtFCRV6RIBblb0u', '01022223333', 1, 0, 0, 0, 9, 0, 0, 0.00000, 0, 1, '2025-02-05 21:12:14', '2024-03-15 17:26:26', '2024-03-18 06:20:15'),
	(3, 'sunstar', 'sunstart1102@163.com', '$2y$10$NbcOTNERReVkDc39Rwhc1eu1nWsXREm239kzWcziYDWTubKrZWvnu', '01013225475', 1, 1, 0, 0, 2, 25, 0, 0.00000, 0, 0, '2025-02-01 16:07:30', '2024-03-15 17:31:39', '2024-05-09 18:46:27'),
	(6, 'webdev', 'webdev12345@163.com', '$2y$10$TE587A/WXSQEgCro9WUp/u8LFpZCi/Sl2p/9hi4WD56YYjB3MTs8y', '01012223222', 1, 1, 0, 0, 5, 20, 0, 0.00000, 10000, 0, '2024-11-01 12:44:41', '2024-03-17 18:11:14', '2024-05-09 17:00:20'),
	(21, 'tester2', 'test002', '$2y$10$qv19f1/djS7Tyq2LRBmBJu3v1MCvbdK2tfo1W1TTH6d/eSOoSmL2e', '111', 1, 1, 0, 0, 5, 15, 0, 0.00000, 0, 0, '2025-01-29 14:04:14', '2024-06-28 18:25:05', '2024-06-28 18:30:24'),
	(22, 'tester1', 'test001', '$2y$10$XmM8IkNafLnZ.Tt/NwsiXeJ7qShRXvco3aH24K.W87AR0uJG1N76K', '546', 1, 1, 0, 0, 5, 15, 0, 0.00000, 0, 0, '2025-02-05 18:30:38', '2024-06-28 18:34:01', NULL),
	(24, 'live', 'liveacc', '$2y$10$1/dBO8A7P2mOrmz/hXaLiOVHwS4UZ7pdMse3twj3edc4x3Ew1qGgy', '11112223', 1, 1, 0, 0, 5, 15, 0, 0.00000, 0, 0, '2025-01-21 21:35:25', '2024-11-01 08:05:00', '2024-11-01 13:22:29'),
	(26, 't4', 'test004', '$2y$10$o4T/3yVsuIXnfdMBVrd.F.yjnzj4DmlNDW62u09RM6t0iSK4VmNsa', '1', 1, 0, 0, 0, 5, 10, 0, 0.00000, 0, 0, '2025-02-07 12:07:08', '2025-01-15 19:19:11', '2025-01-18 19:47:55'),
	(27, 't5', 'test005', '$2y$10$XOaArvWlOUtPBRUoUIAkEeVxqoRfm8YSH0D5wsc51PqG1m4ARegCK', '1', 1, 0, 0, 0, 5, 10, 0, 0.00000, 0, 0, '2025-01-19 10:39:43', '2025-01-15 19:34:51', '2025-01-17 16:49:08'),
	(28, 't6', 'test006', '$2y$10$PiNd4ydITPJq41IzTM4V9.9rvu2BQsf9vepJUG8vjzIWgTF3ZSAT.', '1', 1, 0, 0, 0, 5, 10, 0, 0.00000, 0, 0, '2025-01-21 20:49:11', '2025-01-15 19:35:27', '2025-01-17 16:49:29'),
	(29, 't7', 'test007', '$2y$10$gkeVGRV1rKvwF8Y9QqUCi.scEzIF9PJjBCGu.cFehvhouzzo4O9SC', '333', 1, 0, 0, 0, 5, 10, 0, 0.00000, 0, 0, '2025-01-21 20:50:34', '2025-01-17 16:53:26', NULL),
	(30, 't8', 'test008', '$2y$10$8lblQ6KSrqxFBxRiqQZgiOxSsmmioYoQVwgUf6qA8av9/9o.Vgpoq', '234', 1, 0, 0, 0, 5, 10, 0, 0.00000, 0, 0, '2025-01-21 21:27:35', '2025-01-17 16:54:06', NULL),
	(31, 't9', 'test009', '$2y$10$cBW4RjANDbxQerW69lCHHumOdIClsew0UHJdAXg2jnxCTcsdCba1O', '564', 1, 0, 0, 0, 5, 10, 0, 0.00000, 0, 0, '2025-01-21 21:29:25', '2025-01-17 16:54:36', NULL),
	(32, 'dayi', 'dayi', '$2y$10$ekZ44D4s4ublZnsWSEsCPuyufOjr/Tqv8W59kmjgIcG7J5I9xv4Ju', '123123', 1, 0, 0, 0, 1, 15, 0, 0.00000, 0, 0, NULL, '2025-02-05 11:04:38', NULL);

-- Dumping structure for table ddk_db.tbl_user_log
CREATE TABLE IF NOT EXISTS `tbl_user_log` (
  `id` bigint NOT NULL AUTO_INCREMENT,
  `user_num` bigint DEFAULT NULL COMMENT '유저 유일번호',
  `edit_field` varchar(50) DEFAULT NULL COMMENT '수정한 마당이름',
  `edit_val` varchar(250) DEFAULT NULL COMMENT '수정한 값',
  `edit_admin` varchar(250) DEFAULT NULL COMMENT '수정한 관리자 아이디',
  `log_date` varchar(150) DEFAULT NULL COMMENT '수정날자',
  PRIMARY KEY (`id`)
) ENGINE=InnoDB AUTO_INCREMENT=52 DEFAULT CHARSET=utf8mb3 COMMENT='유저정보 수정 로그';

-- Dumping data for table ddk_db.tbl_user_log: ~51 rows (approximately)
DELETE FROM `tbl_user_log`;
INSERT INTO `tbl_user_log` (`id`, `user_num`, `edit_field`, `edit_val`, `edit_admin`, `log_date`) VALUES
	(1, 6, 'name', 'webdev', 'admin@gmail.com', '2024-03-18 15:57:12'),
	(2, 6, 'level', '1', 'admin@gmail.com', '2024-03-18 15:57:12'),
	(3, 6, 'my_fee', '20', 'admin@gmail.com', '2024-03-18 15:57:12'),
	(4, 10, 'Active', '0', 'admin@gmail.com', '2024-03-21 00:15:49'),
	(5, 9, 'Active', '0', 'admin@gmail.com', '2024-03-21 00:16:18'),
	(6, 10, 'Active', '1', 'admin@gmail.com', '2024-03-21 00:16:19'),
	(7, 9, 'Active', '1', 'admin@gmail.com', '2024-03-21 00:16:21'),
	(8, 15, 'Active', '0', 'admin@gmail.com', '2024-03-21 17:18:59'),
	(9, 16, 'Active', '0', 'admin@gmail.com', '2024-03-21 17:19:00'),
	(10, 16, 'Active', '1', 'admin@gmail.com', '2024-03-21 17:19:01'),
	(11, 15, 'Active', '1', 'admin@gmail.com', '2024-03-21 17:19:01'),
	(12, 7, 'actived', '0', 'admin@gmail.com', '2024-03-21 17:37:17'),
	(13, 15, 'Active', '0', 'admin@gmail.com', '2024-03-22 23:05:06'),
	(14, 15, 'level', '8', 'admin@gmail.com', '2024-03-23 17:54:28'),
	(15, 15, 'Active', '1', 'admin@gmail.com', '2024-03-23 17:54:34'),
	(16, 14, 'actived', '0', 'admin@gmail.com', '2024-03-23 17:54:47'),
	(17, 14, 'Active', '1', 'admin@gmail.com', '2024-03-23 17:54:51'),
	(18, 14, 'actived', '0', 'admin@gmail.com', '2024-03-23 17:55:13'),
	(19, 14, 'level', '8', 'admin@gmail.com', '2024-03-23 17:55:13'),
	(20, 14, 'Active', '1', 'admin@gmail.com', '2024-03-23 17:55:17'),
	(21, 7, 'level', '8', 'admin@gmail.com', '2024-03-24 15:01:32'),
	(22, 7, 'Active', '1', 'admin@gmail.com', '2024-03-24 15:01:35'),
	(23, 6, 'actived', '0', 'admin@gmail.com', NULL),
	(24, 6, 'level', '5', 'admin@gmail.com', NULL),
	(25, 6, 'Active', '1', 'admin@gmail.com', '2024-05-09 17:00:49'),
	(26, 3, 'actived', '0', 'admin@gmail.com', NULL),
	(27, 3, 'level', '4', 'admin@gmail.com', NULL),
	(28, 3, 'Active', '1', 'admin@gmail.com', '2024-05-09 18:26:08'),
	(29, 3, 'actived', '0', 'admin@gmail.com', NULL),
	(30, 3, 'level', '3', 'admin@gmail.com', NULL),
	(31, 3, 'Active', '1', 'admin@gmail.com', '2024-05-09 18:27:28'),
	(32, 3, 'actived', '0', 'admin@gmail.com', NULL),
	(33, 3, 'level', '2', 'admin@gmail.com', NULL),
	(34, 3, 'Active', '1', 'admin@gmail.com', '2024-05-09 18:46:29'),
	(35, 21, 'actived', '0', 'admin@gmail.com', NULL),
	(36, 21, 'level', '5', 'admin@gmail.com', NULL),
	(37, 21, 'Active', '1', 'admin@gmail.com', '2024-06-28 18:30:26'),
	(38, 24, 'actived', '0', 'admin@gmail.com', NULL),
	(39, 24, 'level', '5', 'admin@gmail.com', NULL),
	(40, 24, 'Active', '1', 'admin@gmail.com', '2024-11-01 13:22:32'),
	(41, 26, 'name', 't4', 'admin@gmail.com', NULL),
	(42, 26, 'actived', '0', 'admin@gmail.com', NULL),
	(43, 27, 'name', 't5', 'admin@gmail.com', NULL),
	(44, 27, 'actived', '0', 'admin@gmail.com', NULL),
	(45, 26, 'Active', '1', 'admin@gmail.com', '2025-01-17 16:49:15'),
	(46, 27, 'Active', '1', 'admin@gmail.com', '2025-01-17 16:49:16'),
	(47, 28, 'name', 't6', 'admin@gmail.com', NULL),
	(48, 28, 'actived', '0', 'admin@gmail.com', NULL),
	(49, 28, 'Active', '1', 'admin@gmail.com', '2025-01-17 16:49:37'),
	(50, 26, 'actived', '0', 'admin@gmail.com', NULL),
	(51, 26, 'Active', '1', 'admin@gmail.com', '2025-01-18 19:48:00');

-- Dumping structure for table ddk_db.tbl_web_setting
CREATE TABLE IF NOT EXISTS `tbl_web_setting` (
  `show_count` int DEFAULT '10',
  `show_language` varchar(50) DEFAULT 'ko'
) ENGINE=InnoDB DEFAULT CHARSET=utf8mb3;

-- Dumping data for table ddk_db.tbl_web_setting: ~0 rows (approximately)
DELETE FROM `tbl_web_setting`;

/*!40103 SET TIME_ZONE=IFNULL(@OLD_TIME_ZONE, 'system') */;
/*!40101 SET SQL_MODE=IFNULL(@OLD_SQL_MODE, '') */;
/*!40014 SET FOREIGN_KEY_CHECKS=IFNULL(@OLD_FOREIGN_KEY_CHECKS, 1) */;
/*!40101 SET CHARACTER_SET_CLIENT=@OLD_CHARACTER_SET_CLIENT */;
/*!40111 SET SQL_NOTES=IFNULL(@OLD_SQL_NOTES, 1) */;
